Workbook

Sheet In_GIAO NHAN BAI
A1: SỞ GD&ĐT TP HỒ CHÍ MINH | J1: CỘNG HÒA XÃ HỘI CHỦ NGHĨA VIỆT NAM | S1: K10 | T1: K11 | U1: K12 | V1: KT | W1: VH
A2: TRUNG TÂM GDNN - GDTX THỦ ĐỨC | J2: Độc lập - Tự do - Hạnh phúc | Q2: KH/PHÒNG | R2: TỪ | S2: 1 | T2: 18 | U2: 36 | V2: 62 | W2: 83
A3: DANH SÁCH GIAO NHẬN BÀI KIỂM TRA CUỐI HỌC KỲ I - NH 2025-2026 | P3: 54 | R3: ĐẾN | S3: 17 | T3: 35 | U3: 61 | V3: 82 | W3: 114
A4: =VLOOKUP(P3,TH_P.thi!$A$18:$T$165,20,0) -> NGÀY THI: 22+24/12/2025 | I4: =VLOOKUP($P$3,TH_P.thi!$A$18:$T$165,19,0) -> TỔ HỢP 5 (12AS9,10,11,12) | M4: PHÒNG THI: | O4: =VLOOKUP($P$3,$S$7:$U$42,2,0) -> 7B | P4: =VLOOKUP($P$3,$S$7:$U$42,3,0) -> 7B.S2
A6: Stt | B6: Phòng thi | C6: SBD | D6: Họ và | E6: tên | F6: Lớp | G6: Ghi chú | H6: MÔN THI | P6: Nghỉ học (NgiH) | R6: Stt | S6: KH/phòng | T6: Phòng
H7: =VLOOKUP($P3,TH_P.thi!$A$18:$T$165,13,0) -> VĂN | J7: =VLOOKUP($P3,TH_P.thi!$A$18:$T$165,14,0) -> KT-PL | L7: =VLOOKUP($P3,TH_P.thi!$A$18:$T$165,15,0) -> TOÁN | N7: =VLOOKUP($P3,TH_P.thi!$A$18:$T$165,16,0) -> SỬ | R7: 1 | S7: 36 | T7: =IFERROR(VLOOKUP($S7,TH_P.thi!$A$18:$P$165,3,0),0) -> 1A | U7: =IFERROR(VLOOKUP($S7,TH_P.thi!$A$18:$T$165,6,0),0) -> 1A.S2
H8: Số tờ | I8: Ký tên | J8: Mã đề | K8: Ký tên | L8: Mã đề | M8: Ký tên | N8: Mã đề | O8: Ký tên | R8: 2 | S8: =S7+1 -> 37 | T8: =IFERROR(VLOOKUP($S8,TH_P.thi!$A$18:$P$165,3,0),0) -> 2A | U8: =IFERROR(VLOOKUP($S8,TH_P.thi!$A$18:$T$165,6,0),0) -> 2A.S2
A9: 1 | B9: {=IFERROR(INDEX('DS_Tong_12AS-AT-VH'!$A$9:$I$3045,MATCH(1,($A9='DS_Tong_12AS-AT-VH'!$A$9:$A$3045)*($P$4='DS_Tong_12AS-AT-VH'!$B$9:$B$3045),0),4),0)} -> P.7B | C9: {=IFERROR(INDEX('DS_Tong_12AS-AT-VH'!$A$9:$I$3045,MATCH(1,($A9='DS_Tong_12AS-AT-VH'!$A$9:$A$3045)*($P$4='DS_Tong_12AS-AT-VH'!$B$9:$B$3045),0),5),0)} -> 101418 | D9: {=IFERROR(INDEX('DS_Tong_12AS-AT-VH'!$A$9:$I$3045,MATCH(1,($A9='DS_Tong_12AS-AT-VH'!$A$9:$A$3045)*($P$4='DS_Tong_12AS-AT-VH'!$B$9:$B$3045),0),6),0)} -> Võ Ái | E9: {=IFERROR(INDEX('DS_Tong_12AS-AT-VH'!$A$9:$I$3045,MATCH(1,($A9='DS_Tong_12AS-AT-VH'!$A$9:$A$3045)*($P$4='DS_Tong_12AS-AT-VH'!$B$9:$B$3045),0),7),0)} -> Nhi | F9: {=IFERROR(INDEX('DS_Tong_12AS-AT-VH'!$A$9:$I$3045,MATCH(1,($A9='DS_Tong_12AS-AT-VH'!$A$9:$A$3045)*($P$4='DS_Tong_12AS-AT-VH'!$B$9:$B$3045),0),8),0)} -> 12AS10 | G9: {=IFERROR(INDEX('DS_Tong_12AS-AT-VH'!$A$9:$I$3045,MATCH(1,($A9='DS_Tong_12AS-AT-VH'!$A$9:$A$3045)*($P$4='DS_Tong_12AS-AT-VH'!$B$9:$B$3045),0),9),0)} -> 0 | P9: {=IFERROR(VLOOKUP($C9,'DS_Tong_12AS-AT-VH'!$E$9:$S$3024,13,0),0)} -> 0 | R9: 3 | S9: =S8+1 -> 38 | T9: =IFERROR(VLOOKUP($S9,TH_P.thi!$A$18:$P$165,3,0),0) -> 3A | U9: =IFERROR(VLOOKUP($S9,TH_P.thi!$A$18:$T$165,6,0),0) -> 3A.S2
A10: 2 | B10: {=IFERROR(INDEX('DS_Tong_12AS-AT-VH'!$A$9:$I$3045,MATCH(1,($A10='DS_Tong_12AS-AT-VH'!$A$9:$A$3045)*($P$4='DS_Tong_12AS-AT-VH'!$B$9:$B$3045),0),4),0)} -> P.7B | C10: {=IFERROR(INDEX('DS_Tong_12AS-AT-VH'!$A$9:$I$3045,MATCH(1,($A10='DS_Tong_12AS-AT-VH'!$A$9:$A$3045)*($P$4='DS_Tong_12AS-AT-VH'!$B$9:$B$3045),0),5),0)} -> 101419 | D10: {=IFERROR(INDEX('DS_Tong_12AS-AT-VH'!$A$9:$I$3045,MATCH(1,($A10='DS_Tong_12AS-AT-VH'!$A$9:$A$3045)*($P$4='DS_Tong_12AS-AT-VH'!$B$9:$B$3045),0),6),0)} -> Hoàng Thị Ngọc | E10: {=IFERROR(INDEX('DS_Tong_12AS-AT-VH'!$A$9:$I$3045,MATCH(1,($A10='DS_Tong_12AS-AT-VH'!$A$9:$A$3045)*($P$4='DS_Tong_12AS-AT-VH'!$B$9:$B$3045),0),7),0)} -> Nhung | F10: {=IFERROR(INDEX('DS_Tong_12AS-AT-VH'!$A$9:$I$3045,MATCH(1,($A10='DS_Tong_12AS-AT-VH'!$A$9:$A$3045)*($P$4='DS_Tong_12AS-AT-VH'!$B$9:$B$3045),0),8),0)} -> 12AS9 | G10: {=IFERROR(INDEX('DS_Tong_12AS-AT-VH'!$A$9:$I$3045,MATCH(1,($A10='DS_Tong_12AS-AT-VH'!$A$9:$A$3045)*($P$4='DS_Tong_12AS-AT-VH'!$B$9:$B$3045),0),9),0)} -> 0 | P10: =IFERROR(VLOOKUP($C10,'DS_Tong_12AS-AT-VH'!$E$9:$S$3024,13,0),0) -> 0 | R10: 4 | S10: =S9+1 -> 39 | T10: =IFERROR(VLOOKUP($S10,TH_P.thi!$A$18:$P$165,3,0),0) -> 4A | U10: =IFERROR(VLOOKUP($S10,TH_P.thi!$A$18:$T$165,6,0),0) -> 4A.S2
A11: 3 | B11: {=IFERROR(INDEX('DS_Tong_12AS-AT-VH'!$A$9:$I$3045,MATCH(1,($A11='DS_Tong_12AS-AT-VH'!$A$9:$A$3045)*($P$4='DS_Tong_12AS-AT-VH'!$B$9:$B$3045),0),4),0)} -> P.7B | C11: {=IFERROR(INDEX('DS_Tong_12AS-AT-VH'!$A$9:$I$3045,MATCH(1,($A11='DS_Tong_12AS-AT-VH'!$A$9:$A$3045)*($P$4='DS_Tong_12AS-AT-VH'!$B$9:$B$3045),0),5),0)} -> 101420 | D11: {=IFERROR(INDEX('DS_Tong_12AS-AT-VH'!$A$9:$I$3045,MATCH(1,($A11='DS_Tong_12AS-AT-VH'!$A$9:$A$3045)*($P$4='DS_Tong_12AS-AT-VH'!$B$9:$B$3045),0),6),0)} -> Hoàng Huỳnh | E11: {=IFERROR(INDEX('DS_Tong_12AS-AT-VH'!$A$9:$I$3045,MATCH(1,($A11='DS_Tong_12AS-AT-VH'!$A$9:$A$3045)*($P$4='DS_Tong_12AS-AT-VH'!$B$9:$B$3045),0),7),0)} -> Như | F11: {=IFERROR(INDEX('DS_Tong_12AS-AT-VH'!$A$9:$I$3045,MATCH(1,($A11='DS_Tong_12AS-AT-VH'!$A$9:$A$3045)*($P$4='DS_Tong_12AS-AT-VH'!$B$9:$B$3045),0),8),0)} -> 12AS10 | G11: {=IFERROR(INDEX('DS_Tong_12AS-AT-VH'!$A$9:$I$3045,MATCH(1,($A11='DS_Tong_12AS-AT-VH'!$A$9:$A$3045)*($P$4='DS_Tong_12AS-AT-VH'!$B$9:$B$3045),0),9),0)} -> 0 | P11: =IFERROR(VLOOKUP($C11,'DS_Tong_12AS-AT-VH'!$E$9:$S$3024,13,0),0) -> 0 | R11: 5 | S11: =S10+1 -> 40 | T11: =IFERROR(VLOOKUP($S11,TH_P.thi!$A$18:$P$165,3,0),0) -> 5A | U11: =IFERROR(VLOOKUP($S11,TH_P.thi!$A$18:$T$165,6,0),0) -> 5A.S2
A12: 4 | B12: {=IFERROR(INDEX('DS_Tong_12AS-AT-VH'!$A$9:$I$3045,MATCH(1,($A12='DS_Tong_12AS-AT-VH'!$A$9:$A$3045)*($P$4='DS_Tong_12AS-AT-VH'!$B$9:$B$3045),0),4),0)} -> P.7B | C12: {=IFERROR(INDEX('DS_Tong_12AS-AT-VH'!$A$9:$I$3045,MATCH(1,($A12='DS_Tong_12AS-AT-VH'!$A$9:$A$3045)*($P$4='DS_Tong_12AS-AT-VH'!$B$9:$B$3045),0),5),0)} -> 101421 | D12: {=IFERROR(INDEX('DS_Tong_12AS-AT-VH'!$A$9:$I$3045,MATCH(1,($A12='DS_Tong_12AS-AT-VH'!$A$9:$A$3045)*($P$4='DS_Tong_12AS-AT-VH'!$B$9:$B$3045),0),6),0)} -> Nguyễn Ngọc Bảo | E12: {=IFERROR(INDEX('DS_Tong_12AS-AT-VH'!$A$9:$I$3045,MATCH(1,($A12='DS_Tong_12AS-AT-VH'!$A$9:$A$3045)*($P$4='DS_Tong_12AS-AT-VH'!$B$9:$B$3045),0),7),0)} -> Như | F12: {=IFERROR(INDEX('DS_Tong_12AS-AT-VH'!$A$9:$I$3045,MATCH(1,($A12='DS_Tong_12AS-AT-VH'!$A$9:$A$3045)*($P$4='DS_Tong_12AS-AT-VH'!$B$9:$B$3045),0),8),0)} -> 12AS10 | G12: {=IFERROR(INDEX('DS_Tong_12AS-AT-VH'!$A$9:$I$3045,MATCH(1,($A12='DS_Tong_12AS-AT-VH'!$A$9:$A$3045)*($P$4='DS_Tong_12AS-AT-VH'!$B$9:$B$3045),0),9),0)} -> 0 | P12: =IFERROR(VLOOKUP($C12,'DS_Tong_12AS-AT-VH'!$E$9:$S$3024,13,0),0) -> 0 | R12: 6 | S12: =S11+1 -> 41 | T12: =IFERROR(VLOOKUP($S12,TH_P.thi!$A$18:$P$165,3,0),0) -> 6A | U12: =IFERROR(VLOOKUP($S12,TH_P.thi!$A$18:$T$165,6,0),0) -> 6A.S2
A13: 5 | B13: {=IFERROR(INDEX('DS_Tong_12AS-AT-VH'!$A$9:$I$3045,MATCH(1,($A13='DS_Tong_12AS-AT-VH'!$A$9:$A$3045)*($P$4='DS_Tong_12AS-AT-VH'!$B$9:$B$3045),0),4),0)} -> P.7B | C13: {=IFERROR(INDEX('DS_Tong_12AS-AT-VH'!$A$9:$I$3045,MATCH(1,($A13='DS_Tong_12AS-AT-VH'!$A$9:$A$3045)*($P$4='DS_Tong_12AS-AT-VH'!$B$9:$B$3045),0),5),0)} -> 101422 | D13: {=IFERROR(INDEX('DS_Tong_12AS-AT-VH'!$A$9:$I$3045,MATCH(1,($A13='DS_Tong_12AS-AT-VH'!$A$9:$A$3045)*($P$4='DS_Tong_12AS-AT-VH'!$B$9:$B$3045),0),6),0)} -> Nguyễn Ngọc Tâm | E13: {=IFERROR(INDEX('DS_Tong_12AS-AT-VH'!$A$9:$I$3045,MATCH(1,($A13='DS_Tong_12AS-AT-VH'!$A$9:$A$3045)*($P$4='DS_Tong_12AS-AT-VH'!$B$9:$B$3045),0),7),0)} -> Như | F13: {=IFERROR(INDEX('DS_Tong_12AS-AT-VH'!$A$9:$I$3045,MATCH(1,($A13='DS_Tong_12AS-AT-VH'!$A$9:$A$3045)*($P$4='DS_Tong_12AS-AT-VH'!$B$9:$B$3045),0),8),0)} -> 12AS12 | G13: {=IFERROR(INDEX('DS_Tong_12AS-AT-VH'!$A$9:$I$3045,MATCH(1,($A13='DS_Tong_12AS-AT-VH'!$A$9:$A$3045)*($P$4='DS_Tong_12AS-AT-VH'!$B$9:$B$3045),0),9),0)} -> 0 | P13: =IFERROR(VLOOKUP($C13,'DS_Tong_12AS-AT-VH'!$E$9:$S$3024,13,0),0) -> 0 | R13: 7 | S13: =S12+1 -> 42 | T13: =IFERROR(VLOOKUP($S13,TH_P.thi!$A$18:$P$165,3,0),0) -> 7A | U13: =IFERROR(VLOOKUP($S13,TH_P.thi!$A$18:$T$165,6,0),0) -> 7A.S2
A14: 6 | B14: {=IFERROR(INDEX('DS_Tong_12AS-AT-VH'!$A$9:$I$3045,MATCH(1,($A14='DS_Tong_12AS-AT-VH'!$A$9:$A$3045)*($P$4='DS_Tong_12AS-AT-VH'!$B$9:$B$3045),0),4),0)} -> P.7B | C14: {=IFERROR(INDEX('DS_Tong_12AS-AT-VH'!$A$9:$I$3045,MATCH(1,($A14='DS_Tong_12AS-AT-VH'!$A$9:$A$3045)*($P$4='DS_Tong_12AS-AT-VH'!$B$9:$B$3045),0),5),0)} -> 101423 | D14: {=IFERROR(INDEX('DS_Tong_12AS-AT-VH'!$A$9:$I$3045,MATCH(1,($A14='DS_Tong_12AS-AT-VH'!$A$9:$A$3045)*($P$4='DS_Tong_12AS-AT-VH'!$B$9:$B$3045),0),6),0)} -> Nguyễn Ngọc Tố | E14: {=IFERROR(INDEX('DS_Tong_12AS-AT-VH'!$A$9:$I$3045,MATCH(1,($A14='DS_Tong_12AS-AT-VH'!$A$9:$A$3045)*($P$4='DS_Tong_12AS-AT-VH'!$B$9:$B$3045),0),7),0)} -> Như | F14: {=IFERROR(INDEX('DS_Tong_12AS-AT-VH'!$A$9:$I$3045,MATCH(1,($A14='DS_Tong_12AS-AT-VH'!$A$9:$A$3045)*($P$4='DS_Tong_12AS-AT-VH'!$B$9:$B$3045),0),8),0)} -> 12AS11 | G14: {=IFERROR(INDEX('DS_Tong_12AS-AT-VH'!$A$9:$I$3045,MATCH(1,($A14='DS_Tong_12AS-AT-VH'!$A$9:$A$3045)*($P$4='DS_Tong_12AS-AT-VH'!$B$9:$B$3045),0),9),0)} -> 0 | P14: =IFERROR(VLOOKUP($C14,'DS_Tong_12AS-AT-VH'!$E$9:$S$3024,13,0),0) -> 0 | R14: 8 | S14: =S13+1 -> 43 | T14: =IFERROR(VLOOKUP($S14,TH_P.thi!$A$18:$P$165,3,0),0) -> 9A | U14: =IFERROR(VLOOKUP($S14,TH_P.thi!$A$18:$T$165,6,0),0) -> 9A.S2
A15: 7 | B15: {=IFERROR(INDEX('DS_Tong_12AS-AT-VH'!$A$9:$I$3045,MATCH(1,($A15='DS_Tong_12AS-AT-VH'!$A$9:$A$3045)*($P$4='DS_Tong_12AS-AT-VH'!$B$9:$B$3045),0),4),0)} -> P.7B | C15: {=IFERROR(INDEX('DS_Tong_12AS-AT-VH'!$A$9:$I$3045,MATCH(1,($A15='DS_Tong_12AS-AT-VH'!$A$9:$A$3045)*($P$4='DS_Tong_12AS-AT-VH'!$B$9:$B$3045),0),5),0)} -> 101424 | D15: {=IFERROR(INDEX('DS_Tong_12AS-AT-VH'!$A$9:$I$3045,MATCH(1,($A15='DS_Tong_12AS-AT-VH'!$A$9:$A$3045)*($P$4='DS_Tong_12AS-AT-VH'!$B$9:$B$3045),0),6),0)} -> Nguyễn Trương Yến | E15: {=IFERROR(INDEX('DS_Tong_12AS-AT-VH'!$A$9:$I$3045,MATCH(1,($A15='DS_Tong_12AS-AT-VH'!$A$9:$A$3045)*($P$4='DS_Tong_12AS-AT-VH'!$B$9:$B$3045),0),7),0)} -> Như | F15: {=IFERROR(INDEX('DS_Tong_12AS-AT-VH'!$A$9:$I$3045,MATCH(1,($A15='DS_Tong_12AS-AT-VH'!$A$9:$A$3045)*($P$4='DS_Tong_12AS-AT-VH'!$B$9:$B$3045),0),8),0)} -> 12AS12 | G15: {=IFERROR(INDEX('DS_Tong_12AS-AT-VH'!$A$9:$I$3045,MATCH(1,($A15='DS_Tong_12AS-AT-VH'!$A$9:$A$3045)*($P$4='DS_Tong_12AS-AT-VH'!$B$9:$B$3045),0),9),0)} -> 0 | P15: =IFERROR(VLOOKUP($C15,'DS_Tong_12AS-AT-VH'!$E$9:$S$3024,13,0),0) -> 0 | R15: 9 | S15: =S14+1 -> 44 | T15: =IFERROR(VLOOKUP($S15,TH_P.thi!$A$18:$P$165,3,0),0) -> 10A | U15: =IFERROR(VLOOKUP($S15,TH_P.thi!$A$18:$T$165,6,0),0) -> 10A.S2
A16: 8 | B16: {=IFERROR(INDEX('DS_Tong_12AS-AT-VH'!$A$9:$I$3045,MATCH(1,($A16='DS_Tong_12AS-AT-VH'!$A$9:$A$3045)*($P$4='DS_Tong_12AS-AT-VH'!$B$9:$B$3045),0),4),0)} -> P.7B | C16: {=IFERROR(INDEX('DS_Tong_12AS-AT-VH'!$A$9:$I$3045,MATCH(1,($A16='DS_Tong_12AS-AT-VH'!$A$9:$A$3045)*($P$4='DS_Tong_12AS-AT-VH'!$B$9:$B$3045),0),5),0)} -> 101425 | D16: {=IFERROR(INDEX('DS_Tong_12AS-AT-VH'!$A$9:$I$3045,MATCH(1,($A16='DS_Tong_12AS-AT-VH'!$A$9:$A$3045)*($P$4='DS_Tong_12AS-AT-VH'!$B$9:$B$3045),0),6),0)} -> Trần Quỳnh | E16: {=IFERROR(INDEX('DS_Tong_12AS-AT-VH'!$A$9:$I$3045,MATCH(1,($A16='DS_Tong_12AS-AT-VH'!$A$9:$A$3045)*($P$4='DS_Tong_12AS-AT-VH'!$B$9:$B$3045),0),7),0)} -> Như | F16: {=IFERROR(INDEX('DS_Tong_12AS-AT-VH'!$A$9:$I$3045,MATCH(1,($A16='DS_Tong_12AS-AT-VH'!$A$9:$A$3045)*($P$4='DS_Tong_12AS-AT-VH'!$B$9:$B$3045),0),8),0)} -> 12AS12 | G16: {=IFERROR(INDEX('DS_Tong_12AS-AT-VH'!$A$9:$I$3045,MATCH(1,($A16='DS_Tong_12AS-AT-VH'!$A$9:$A$3045)*($P$4='DS_Tong_12AS-AT-VH'!$B$9:$B$3045),0),9),0)} -> 0 | P16: =IFERROR(VLOOKUP($C16,'DS_Tong_12AS-AT-VH'!$E$9:$S$3024,13,0),0) -> 0 | R16: 10 | S16: =S15+1 -> 45 | T16: =IFERROR(VLOOKUP($S16,TH_P.thi!$A$18:$P$165,3,0),0) -> 11A | U16: =IFERROR(VLOOKUP($S16,TH_P.thi!$A$18:$T$165,6,0),0) -> 11A.S2
A17: 9 | B17: {=IFERROR(INDEX('DS_Tong_12AS-AT-VH'!$A$9:$I$3045,MATCH(1,($A17='DS_Tong_12AS-AT-VH'!$A$9:$A$3045)*($P$4='DS_Tong_12AS-AT-VH'!$B$9:$B$3045),0),4),0)} -> P.7B | C17: {=IFERROR(INDEX('DS_Tong_12AS-AT-VH'!$A$9:$I$3045,MATCH(1,($A17='DS_Tong_12AS-AT-VH'!$A$9:$A$3045)*($P$4='DS_Tong_12AS-AT-VH'!$B$9:$B$3045),0),5),0)} -> 101426 | D17: {=IFERROR(INDEX('DS_Tong_12AS-AT-VH'!$A$9:$I$3045,MATCH(1,($A17='DS_Tong_12AS-AT-VH'!$A$9:$A$3045)*($P$4='DS_Tong_12AS-AT-VH'!$B$9:$B$3045),0),6),0)} -> Vũ Thị Quỳnh | E17: {=IFERROR(INDEX('DS_Tong_12AS-AT-VH'!$A$9:$I$3045,MATCH(1,($A17='DS_Tong_12AS-AT-VH'!$A$9:$A$3045)*($P$4='DS_Tong_12AS-AT-VH'!$B$9:$B$3045),0),7),0)} -> Như | F17: {=IFERROR(INDEX('DS_Tong_12AS-AT-VH'!$A$9:$I$3045,MATCH(1,($A17='DS_Tong_12AS-AT-VH'!$A$9:$A$3045)*($P$4='DS_Tong_12AS-AT-VH'!$B$9:$B$3045),0),8),0)} -> 12AS11 | G17: {=IFERROR(INDEX('DS_Tong_12AS-AT-VH'!$A$9:$I$3045,MATCH(1,($A17='DS_Tong_12AS-AT-VH'!$A$9:$A$3045)*($P$4='DS_Tong_12AS-AT-VH'!$B$9:$B$3045),0),9),0)} -> 0 | P17: =IFERROR(VLOOKUP($C17,'DS_Tong_12AS-AT-VH'!$E$9:$S$3024,13,0),0) -> 0 | R17: 11 | S17: =S16+1 -> 46 | T17: =IFERROR(VLOOKUP($S17,TH_P.thi!$A$18:$P$165,3,0),0) -> 12A | U17: =IFERROR(VLOOKUP($S17,TH_P.thi!$A$18:$T$165,6,0),0) -> 12A.S2
A18: 10 | B18: {=IFERROR(INDEX('DS_Tong_12AS-AT-VH'!$A$9:$I$3045,MATCH(1,($A18='DS_Tong_12AS-AT-VH'!$A$9:$A$3045)*($P$4='DS_Tong_12AS-AT-VH'!$B$9:$B$3045),0),4),0)} -> P.7B | C18: {=IFERROR(INDEX('DS_Tong_12AS-AT-VH'!$A$9:$I$3045,MATCH(1,($A18='DS_Tong_12AS-AT-VH'!$A$9:$A$3045)*($P$4='DS_Tong_12AS-AT-VH'!$B$9:$B$3045),0),5),0)} -> 101427 | D18: {=IFERROR(INDEX('DS_Tong_12AS-AT-VH'!$A$9:$I$3045,MATCH(1,($A18='DS_Tong_12AS-AT-VH'!$A$9:$A$3045)*($P$4='DS_Tong_12AS-AT-VH'!$B$9:$B$3045),0),6),0)} -> Lê Nguyễn Hoàng | E18: {=IFERROR(INDEX('DS_Tong_12AS-AT-VH'!$A$9:$I$3045,MATCH(1,($A18='DS_Tong_12AS-AT-VH'!$A$9:$A$3045)*($P$4='DS_Tong_12AS-AT-VH'!$B$9:$B$3045),0),7),0)} -> Oanh | F18: {=IFERROR(INDEX('DS_Tong_12AS-AT-VH'!$A$9:$I$3045,MATCH(1,($A18='DS_Tong_12AS-AT-VH'!$A$9:$A$3045)*($P$4='DS_Tong_12AS-AT-VH'!$B$9:$B$3045),0),8),0)} -> 12AS11 | G18: {=IFERROR(INDEX('DS_Tong_12AS-AT-VH'!$A$9:$I$3045,MATCH(1,($A18='DS_Tong_12AS-AT-VH'!$A$9:$A$3045)*($P$4='DS_Tong_12AS-AT-VH'!$B$9:$B$3045),0),9),0)} -> 0 | P18: =IFERROR(VLOOKUP($C18,'DS_Tong_12AS-AT-VH'!$E$9:$S$3024,13,0),0) -> 0 | R18: 12 | S18: =S17+1 -> 47 | T18: =IFERROR(VLOOKUP($S18,TH_P.thi!$A$18:$P$165,3,0),0) -> 13A | U18: =IFERROR(VLOOKUP($S18,TH_P.thi!$A$18:$T$165,6,0),0) -> 13A.S2
A19: 11 | B19: {=IFERROR(INDEX('DS_Tong_12AS-AT-VH'!$A$9:$I$3045,MATCH(1,($A19='DS_Tong_12AS-AT-VH'!$A$9:$A$3045)*($P$4='DS_Tong_12AS-AT-VH'!$B$9:$B$3045),0),4),0)} -> P.7B | C19: {=IFERROR(INDEX('DS_Tong_12AS-AT-VH'!$A$9:$I$3045,MATCH(1,($A19='DS_Tong_12AS-AT-VH'!$A$9:$A$3045)*($P$4='DS_Tong_12AS-AT-VH'!$B$9:$B$3045),0),5),0)} -> 101428 | D19: {=IFERROR(INDEX('DS_Tong_12AS-AT-VH'!$A$9:$I$3045,MATCH(1,($A19='DS_Tong_12AS-AT-VH'!$A$9:$A$3045)*($P$4='DS_Tong_12AS-AT-VH'!$B$9:$B$3045),0),6),0)} -> Hà Nguyễn Đức | E19: {=IFERROR(INDEX('DS_Tong_12AS-AT-VH'!$A$9:$I$3045,MATCH(1,($A19='DS_Tong_12AS-AT-VH'!$A$9:$A$3045)*($P$4='DS_Tong_12AS-AT-VH'!$B$9:$B$3045),0),7),0)} -> Phát | F19: {=IFERROR(INDEX('DS_Tong_12AS-AT-VH'!$A$9:$I$3045,MATCH(1,($A19='DS_Tong_12AS-AT-VH'!$A$9:$A$3045)*($P$4='DS_Tong_12AS-AT-VH'!$B$9:$B$3045),0),8),0)} -> 12AS12 | G19: {=IFERROR(INDEX('DS_Tong_12AS-AT-VH'!$A$9:$I$3045,MATCH(1,($A19='DS_Tong_12AS-AT-VH'!$A$9:$A$3045)*($P$4='DS_Tong_12AS-AT-VH'!$B$9:$B$3045),0),9),0)} -> 0 | P19: =IFERROR(VLOOKUP($C19,'DS_Tong_12AS-AT-VH'!$E$9:$S$3024,13,0),0) -> 0 | R19: 13 | S19: =S18+1 -> 48 | T19: =IFERROR(VLOOKUP($S19,TH_P.thi!$A$18:$P$165,3,0),0) -> 14A | U19: =IFERROR(VLOOKUP($S19,TH_P.thi!$A$18:$T$165,6,0),0) -> 14A.S2
A20: 12 | B20: {=IFERROR(INDEX('DS_Tong_12AS-AT-VH'!$A$9:$I$3045,MATCH(1,($A20='DS_Tong_12AS-AT-VH'!$A$9:$A$3045)*($P$4='DS_Tong_12AS-AT-VH'!$B$9:$B$3045),0),4),0)} -> P.7B | C20: {=IFERROR(INDEX('DS_Tong_12AS-AT-VH'!$A$9:$I$3045,MATCH(1,($A20='DS_Tong_12AS-AT-VH'!$A$9:$A$3045)*($P$4='DS_Tong_12AS-AT-VH'!$B$9:$B$3045),0),5),0)} -> 101429 | D20: {=IFERROR(INDEX('DS_Tong_12AS-AT-VH'!$A$9:$I$3045,MATCH(1,($A20='DS_Tong_12AS-AT-VH'!$A$9:$A$3045)*($P$4='DS_Tong_12AS-AT-VH'!$B$9:$B$3045),0),6),0)} -> Lê Văn Tuấn | E20: {=IFERROR(INDEX('DS_Tong_12AS-AT-VH'!$A$9:$I$3045,MATCH(1,($A20='DS_Tong_12AS-AT-VH'!$A$9:$A$3045)*($P$4='DS_Tong_12AS-AT-VH'!$B$9:$B$3045),0),7),0)} -> Phát | F20: {=IFERROR(INDEX('DS_Tong_12AS-AT-VH'!$A$9:$I$3045,MATCH(1,($A20='DS_Tong_12AS-AT-VH'!$A$9:$A$3045)*($P$4='DS_Tong_12AS-AT-VH'!$B$9:$B$3045),0),8),0)} -> 12AS10 | G20: {=IFERROR(INDEX('DS_Tong_12AS-AT-VH'!$A$9:$I$3045,MATCH(1,($A20='DS_Tong_12AS-AT-VH'!$A$9:$A$3045)*($P$4='DS_Tong_12AS-AT-VH'!$B$9:$B$3045),0),9),0)} -> 0 | P20: =IFERROR(VLOOKUP($C20,'DS_Tong_12AS-AT-VH'!$E$9:$S$3024,13,0),0) -> 0 | R20: 14 | S20: =S19+1 -> 49 | T20: =IFERROR(VLOOKUP($S20,TH_P.thi!$A$18:$P$165,3,0),0) -> 2B | U20: =IFERROR(VLOOKUP($S20,TH_P.thi!$A$18:$T$165,6,0),0) -> 2B.S2
A21: 13 | B21: {=IFERROR(INDEX('DS_Tong_12AS-AT-VH'!$A$9:$I$3045,MATCH(1,($A21='DS_Tong_12AS-AT-VH'!$A$9:$A$3045)*($P$4='DS_Tong_12AS-AT-VH'!$B$9:$B$3045),0),4),0)} -> P.7B | C21: {=IFERROR(INDEX('DS_Tong_12AS-AT-VH'!$A$9:$I$3045,MATCH(1,($A21='DS_Tong_12AS-AT-VH'!$A$9:$A$3045)*($P$4='DS_Tong_12AS-AT-VH'!$B$9:$B$3045),0),5),0)} -> 101430 | D21: {=IFERROR(INDEX('DS_Tong_12AS-AT-VH'!$A$9:$I$3045,MATCH(1,($A21='DS_Tong_12AS-AT-VH'!$A$9:$A$3045)*($P$4='DS_Tong_12AS-AT-VH'!$B$9:$B$3045),0),6),0)} -> Trần Tuấn | E21: {=IFERROR(INDEX('DS_Tong_12AS-AT-VH'!$A$9:$I$3045,MATCH(1,($A21='DS_Tong_12AS-AT-VH'!$A$9:$A$3045)*($P$4='DS_Tong_12AS-AT-VH'!$B$9:$B$3045),0),7),0)} -> Phát | F21: {=IFERROR(INDEX('DS_Tong_12AS-AT-VH'!$A$9:$I$3045,MATCH(1,($A21='DS_Tong_12AS-AT-VH'!$A$9:$A$3045)*($P$4='DS_Tong_12AS-AT-VH'!$B$9:$B$3045),0),8),0)} -> 12AS10 | G21: {=IFERROR(INDEX('DS_Tong_12AS-AT-VH'!$A$9:$I$3045,MATCH(1,($A21='DS_Tong_12AS-AT-VH'!$A$9:$A$3045)*($P$4='DS_Tong_12AS-AT-VH'!$B$9:$B$3045),0),9),0)} -> 0 | P21: =IFERROR(VLOOKUP($C21,'DS_Tong_12AS-AT-VH'!$E$9:$S$3024,13,0),0) -> 0 | R21: 15 | S21: =S20+1 -> 50 | T21: =IFERROR(VLOOKUP($S21,TH_P.thi!$A$18:$P$165,3,0),0) -> 3B | U21: =IFERROR(VLOOKUP($S21,TH_P.thi!$A$18:$T$165,6,0),0) -> 3B.S2
... A27: 19 | B27: {=IFERROR(INDEX('DS_Tong_12AS-AT-VH'!$A$9:$I$3045,MATCH(1,($A27='DS_Tong_12AS-AT-VH'!$A$9:$A$3045)*($P$4='DS_Tong_12AS-AT-VH'!$B$9:$B$3045),0),4),0)} -> P.7B | C27: {=IFERROR(INDEX('DS_Tong_12AS-AT-VH'!$A$9:$I$3045,MATCH(1,($A27='DS_Tong_12AS-AT-VH'!$A$9:$A$3045)*($P$4='DS_Tong_12AS-AT-VH'!$B$9:$B$3045),0),5),0)} -> 101436 | D27: {=IFERROR(INDEX('DS_Tong_12AS-AT-VH'!$A$9:$I$3045,MATCH(1,($A27='DS_Tong_12AS-AT-VH'!$A$9:$A$3045)*($P$4='DS_Tong_12AS-AT-VH'!$B$9:$B$3045),0),6),0)} -> Lê Thảo | E27: {=IFERROR(INDEX('DS_Tong_12AS-AT-VH'!$A$9:$I$3045,MATCH(1,($A27='DS_Tong_12AS-AT-VH'!$A$9:$A$3045)*($P$4='DS_Tong_12AS-AT-VH'!$B$9:$B$3045),0),7),0)} -> Phương | F27: {=IFERROR(INDEX('DS_Tong_12AS-AT-VH'!$A$9:$I$3045,MATCH(1,($A27='DS_Tong_12AS-AT-VH'!$A$9:$A$3045)*($P$4='DS_Tong_12AS-AT-VH'!$B$9:$B$3045),0),8),0)} -> 12AS10 | G27: {=IFERROR(INDEX('DS_Tong_12AS-AT-VH'!$A$9:$I$3045,MATCH(1,($A27='DS_Tong_12AS-AT-VH'!$A$9:$A$3045)*($P$4='DS_Tong_12AS-AT-VH'!$B$9:$B$3045),0),9),0)} -> 0 | P27: =IFERROR(VLOOKUP($C27,'DS_Tong_12AS-AT-VH'!$E$9:$S$3024,13,0),0) -> 0 | R27: 21 | S27: =S26+1 -> 56 | T27: =IFERROR(VLOOKUP($S27,TH_P.thi!$A$18:$P$165,3,0),0) -> 9B | U27: =IFERROR(VLOOKUP($S27,TH_P.thi!$A$18:$T$165,6,0),0) -> 9B.S2
A28: 20 | B28: {=IFERROR(INDEX('DS_Tong_12AS-AT-VH'!$A$9:$I$3045,MATCH(1,($A28='DS_Tong_12AS-AT-VH'!$A$9:$A$3045)*($P$4='DS_Tong_12AS-AT-VH'!$B$9:$B$3045),0),4),0)} -> P.7B | C28: {=IFERROR(INDEX('DS_Tong_12AS-AT-VH'!$A$9:$I$3045,MATCH(1,($A28='DS_Tong_12AS-AT-VH'!$A$9:$A$3045)*($P$4='DS_Tong_12AS-AT-VH'!$B$9:$B$3045),0),5),0)} -> 101437 | D28: {=IFERROR(INDEX('DS_Tong_12AS-AT-VH'!$A$9:$I$3045,MATCH(1,($A28='DS_Tong_12AS-AT-VH'!$A$9:$A$3045)*($P$4='DS_Tong_12AS-AT-VH'!$B$9:$B$3045),0),6),0)} -> Nguyễn Thị Trúc | E28: {=IFERROR(INDEX('DS_Tong_12AS-AT-VH'!$A$9:$I$3045,MATCH(1,($A28='DS_Tong_12AS-AT-VH'!$A$9:$A$3045)*($P$4='DS_Tong_12AS-AT-VH'!$B$9:$B$3045),0),7),0)} -> Phương | F28: {=IFERROR(INDEX('DS_Tong_12AS-AT-VH'!$A$9:$I$3045,MATCH(1,($A28='DS_Tong_12AS-AT-VH'!$A$9:$A$3045)*($P$4='DS_Tong_12AS-AT-VH'!$B$9:$B$3045),0),8),0)} -> 12AS9 | G28: {=IFERROR(INDEX('DS_Tong_12AS-AT-VH'!$A$9:$I$3045,MATCH(1,($A28='DS_Tong_12AS-AT-VH'!$A$9:$A$3045)*($P$4='DS_Tong_12AS-AT-VH'!$B$9:$B$3045),0),9),0)} -> 0 | P28: =IFERROR(VLOOKUP($C28,'DS_Tong_12AS-AT-VH'!$E$9:$S$3024,13,0),0) -> 0 | R28: 22 | T28: =IFERROR(VLOOKUP($S28,TH_P.thi!$A$18:$P$165,3,0),0) -> 0 | U28: =IFERROR(VLOOKUP($S28,TH_P.thi!$A$18:$T$165,6,0),0) -> 0
A29: 21 | B29: {=IFERROR(INDEX('DS_Tong_12AS-AT-VH'!$A$9:$I$3045,MATCH(1,($A29='DS_Tong_12AS-AT-VH'!$A$9:$A$3045)*($P$4='DS_Tong_12AS-AT-VH'!$B$9:$B$3045),0),4),0)} -> P.7B | C29: {=IFERROR(INDEX('DS_Tong_12AS-AT-VH'!$A$9:$I$3045,MATCH(1,($A29='DS_Tong_12AS-AT-VH'!$A$9:$A$3045)*($P$4='DS_Tong_12AS-AT-VH'!$B$9:$B$3045),0),5),0)} -> 101438 | D29: {=IFERROR(INDEX('DS_Tong_12AS-AT-VH'!$A$9:$I$3045,MATCH(1,($A29='DS_Tong_12AS-AT-VH'!$A$9:$A$3045)*($P$4='DS_Tong_12AS-AT-VH'!$B$9:$B$3045),0),6),0)} -> Phan Thị Kim | E29: {=IFERROR(INDEX('DS_Tong_12AS-AT-VH'!$A$9:$I$3045,MATCH(1,($A29='DS_Tong_12AS-AT-VH'!$A$9:$A$3045)*($P$4='DS_Tong_12AS-AT-VH'!$B$9:$B$3045),0),7),0)} -> Phương | F29: {=IFERROR(INDEX('DS_Tong_12AS-AT-VH'!$A$9:$I$3045,MATCH(1,($A29='DS_Tong_12AS-AT-VH'!$A$9:$A$3045)*($P$4='DS_Tong_12AS-AT-VH'!$B$9:$B$3045),0),8),0)} -> 12AS11 | G29: {=IFERROR(INDEX('DS_Tong_12AS-AT-VH'!$A$9:$I$3045,MATCH(1,($A29='DS_Tong_12AS-AT-VH'!$A$9:$A$3045)*($P$4='DS_Tong_12AS-AT-VH'!$B$9:$B$3045),0),9),0)} -> 0 | P29: =IFERROR(VLOOKUP($C29,'DS_Tong_12AS-AT-VH'!$E$9:$S$3024,13,0),0) -> 0 | R29: 23 | T29: =IFERROR(VLOOKUP($S29,TH_P.thi!$A$18:$P$165,3,0),0) -> 0 | U29: =IFERROR(VLOOKUP($S29,TH_P.thi!$A$18:$T$165,6,0),0) -> 0
A30: 22 | B30: {=IFERROR(INDEX('DS_Tong_12AS-AT-VH'!$A$9:$I$3045,MATCH(1,($A30='DS_Tong_12AS-AT-VH'!$A$9:$A$3045)*($P$4='DS_Tong_12AS-AT-VH'!$B$9:$B$3045),0),4),0)} -> P.7B | C30: {=IFERROR(INDEX('DS_Tong_12AS-AT-VH'!$A$9:$I$3045,MATCH(1,($A30='DS_Tong_12AS-AT-VH'!$A$9:$A$3045)*($P$4='DS_Tong_12AS-AT-VH'!$B$9:$B$3045),0),5),0)} -> 101439 | D30: {=IFERROR(INDEX('DS_Tong_12AS-AT-VH'!$A$9:$I$3045,MATCH(1,($A30='DS_Tong_12AS-AT-VH'!$A$9:$A$3045)*($P$4='DS_Tong_12AS-AT-VH'!$B$9:$B$3045),0),6),0)} -> Vũ Hoàng Minh | E30: {=IFERROR(INDEX('DS_Tong_12AS-AT-VH'!$A$9:$I$3045,MATCH(1,($A30='DS_Tong_12AS-AT-VH'!$A$9:$A$3045)*($P$4='DS_Tong_12AS-AT-VH'!$B$9:$B$3045),0),7),0)} -> Phương | F30: {=IFERROR(INDEX('DS_Tong_12AS-AT-VH'!$A$9:$I$3045,MATCH(1,($A30='DS_Tong_12AS-AT-VH'!$A$9:$A$3045)*($P$4='DS_Tong_12AS-AT-VH'!$B$9:$B$3045),0),8),0)} -> 12AS11 | G30: {=IFERROR(INDEX('DS_Tong_12AS-AT-VH'!$A$9:$I$3045,MATCH(1,($A30='DS_Tong_12AS-AT-VH'!$A$9:$A$3045)*($P$4='DS_Tong_12AS-AT-VH'!$B$9:$B$3045),0),9),0)} -> 0 | P30: =IFERROR(VLOOKUP($C30,'DS_Tong_12AS-AT-VH'!$E$9:$S$3024,13,0),0) -> 0 | R30: 24 | T30: =IFERROR(VLOOKUP($S30,TH_P.thi!$A$18:$P$165,3,0),0) -> 0 | U30: =IFERROR(VLOOKUP($S30,TH_P.thi!$A$18:$T$165,6,0),0) -> 0
A31: 23 | B31: {=IFERROR(INDEX('DS_Tong_12AS-AT-VH'!$A$9:$I$3045,MATCH(1,($A31='DS_Tong_12AS-AT-VH'!$A$9:$A$3045)*($P$4='DS_Tong_12AS-AT-VH'!$B$9:$B$3045),0),4),0)} -> P.7B | C31: {=IFERROR(INDEX('DS_Tong_12AS-AT-VH'!$A$9:$I$3045,MATCH(1,($A31='DS_Tong_12AS-AT-VH'!$A$9:$A$3045)*($P$4='DS_Tong_12AS-AT-VH'!$B$9:$B$3045),0),5),0)} -> 101440 | D31: {=IFERROR(INDEX('DS_Tong_12AS-AT-VH'!$A$9:$I$3045,MATCH(1,($A31='DS_Tong_12AS-AT-VH'!$A$9:$A$3045)*($P$4='DS_Tong_12AS-AT-VH'!$B$9:$B$3045),0),6),0)} -> Châu Ngọc | E31: {=IFERROR(INDEX('DS_Tong_12AS-AT-VH'!$A$9:$I$3045,MATCH(1,($A31='DS_Tong_12AS-AT-VH'!$A$9:$A$3045)*($P$4='DS_Tong_12AS-AT-VH'!$B$9:$B$3045),0),7),0)} -> Quý | F31: {=IFERROR(INDEX('DS_Tong_12AS-AT-VH'!$A$9:$I$3045,MATCH(1,($A31='DS_Tong_12AS-AT-VH'!$A$9:$A$3045)*($P$4='DS_Tong_12AS-AT-VH'!$B$9:$B$3045),0),8),0)} -> 12AS10 | G31: {=IFERROR(INDEX('DS_Tong_12AS-AT-VH'!$A$9:$I$3045,MATCH(1,($A31='DS_Tong_12AS-AT-VH'!$A$9:$A$3045)*($P$4='DS_Tong_12AS-AT-VH'!$B$9:$B$3045),0),9),0)} -> 0 | P31: =IFERROR(VLOOKUP($C31,'DS_Tong_12AS-AT-VH'!$E$9:$S$3024,13,0),0) -> 0 | R31: 25 | T31: =IFERROR(VLOOKUP($S31,TH_P.thi!$A$18:$P$165,3,0),0) -> 0 | U31: =IFERROR(VLOOKUP($S31,TH_P.thi!$A$18:$T$165,6,0),0) -> 0
A32: 24 | B32: {=IFERROR(INDEX('DS_Tong_12AS-AT-VH'!$A$9:$I$3045,MATCH(1,($A32='DS_Tong_12AS-AT-VH'!$A$9:$A$3045)*($P$4='DS_Tong_12AS-AT-VH'!$B$9:$B$3045),0),4),0)} -> P.7B | C32: {=IFERROR(INDEX('DS_Tong_12AS-AT-VH'!$A$9:$I$3045,MATCH(1,($A32='DS_Tong_12AS-AT-VH'!$A$9:$A$3045)*($P$4='DS_Tong_12AS-AT-VH'!$B$9:$B$3045),0),5),0)} -> 101441 | D32: {=IFERROR(INDEX('DS_Tong_12AS-AT-VH'!$A$9:$I$3045,MATCH(1,($A32='DS_Tong_12AS-AT-VH'!$A$9:$A$3045)*($P$4='DS_Tong_12AS-AT-VH'!$B$9:$B$3045),0),6),0)} -> Nguyễn Mai Gia Phú | E32: {=IFERROR(INDEX('DS_Tong_12AS-AT-VH'!$A$9:$I$3045,MATCH(1,($A32='DS_Tong_12AS-AT-VH'!$A$9:$A$3045)*($P$4='DS_Tong_12AS-AT-VH'!$B$9:$B$3045),0),7),0)} -> Quý | F32: {=IFERROR(INDEX('DS_Tong_12AS-AT-VH'!$A$9:$I$3045,MATCH(1,($A32='DS_Tong_12AS-AT-VH'!$A$9:$A$3045)*($P$4='DS_Tong_12AS-AT-VH'!$B$9:$B$3045),0),8),0)} -> 12AS12 | G32: {=IFERROR(INDEX('DS_Tong_12AS-AT-VH'!$A$9:$I$3045,MATCH(1,($A32='DS_Tong_12AS-AT-VH'!$A$9:$A$3045)*($P$4='DS_Tong_12AS-AT-VH'!$B$9:$B$3045),0),9),0)} -> 0 | P32: =IFERROR(VLOOKUP($C32,'DS_Tong_12AS-AT-VH'!$E$9:$S$3024,13,0),0) -> 0 | R32: 26 | T32: =IFERROR(VLOOKUP($S32,TH_P.thi!$A$18:$P$165,3,0),0) -> 0 | U32: =IFERROR(VLOOKUP($S32,TH_P.thi!$A$18:$T$165,6,0),0) -> 0
A33: 25 | B33: {=IFERROR(INDEX('DS_Tong_12AS-AT-VH'!$A$9:$I$3045,MATCH(1,($A33='DS_Tong_12AS-AT-VH'!$A$9:$A$3045)*($P$4='DS_Tong_12AS-AT-VH'!$B$9:$B$3045),0),4),0)} -> P.7B | C33: {=IFERROR(INDEX('DS_Tong_12AS-AT-VH'!$A$9:$I$3045,MATCH(1,($A33='DS_Tong_12AS-AT-VH'!$A$9:$A$3045)*($P$4='DS_Tong_12AS-AT-VH'!$B$9:$B$3045),0),5),0)} -> 101442 | D33: {=IFERROR(INDEX('DS_Tong_12AS-AT-VH'!$A$9:$I$3045,MATCH(1,($A33='DS_Tong_12AS-AT-VH'!$A$9:$A$3045)*($P$4='DS_Tong_12AS-AT-VH'!$B$9:$B$3045),0),6),0)} -> Nguyễn Như | E33: {=IFERROR(INDEX('DS_Tong_12AS-AT-VH'!$A$9:$I$3045,MATCH(1,($A33='DS_Tong_12AS-AT-VH'!$A$9:$A$3045)*($P$4='DS_Tong_12AS-AT-VH'!$B$9:$B$3045),0),7),0)} -> Quỳnh | F33: {=IFERROR(INDEX('DS_Tong_12AS-AT-VH'!$A$9:$I$3045,MATCH(1,($A33='DS_Tong_12AS-AT-VH'!$A$9:$A$3045)*($P$4='DS_Tong_12AS-AT-VH'!$B$9:$B$3045),0),8),0)} -> 12AS11 | G33: {=IFERROR(INDEX('DS_Tong_12AS-AT-VH'!$A$9:$I$3045,MATCH(1,($A33='DS_Tong_12AS-AT-VH'!$A$9:$A$3045)*($P$4='DS_Tong_12AS-AT-VH'!$B$9:$B$3045),0),9),0)} -> 0 | P33: =IFERROR(VLOOKUP($C33,'DS_Tong_12AS-AT-VH'!$E$9:$S$3024,13,0),0) -> 0 | R33: 27 | T33: =IFERROR(VLOOKUP($S33,TH_P.thi!$A$18:$P$165,3,0),0) -> 0 | U33: =IFERROR(VLOOKUP($S33,TH_P.thi!$A$18:$T$165,6,0),0) -> 0
A34: 26 | B34: {=IFERROR(INDEX('DS_Tong_12AS-AT-VH'!$A$9:$I$3045,MATCH(1,($A34='DS_Tong_12AS-AT-VH'!$A$9:$A$3045)*($P$4='DS_Tong_12AS-AT-VH'!$B$9:$B$3045),0),4),0)} -> P.7B | C34: {=IFERROR(INDEX('DS_Tong_12AS-AT-VH'!$A$9:$I$3045,MATCH(1,($A34='DS_Tong_12AS-AT-VH'!$A$9:$A$3045)*($P$4='DS_Tong_12AS-AT-VH'!$B$9:$B$3045),0),5),0)} -> 101443 | D34: {=IFERROR(INDEX('DS_Tong_12AS-AT-VH'!$A$9:$I$3045,MATCH(1,($A34='DS_Tong_12AS-AT-VH'!$A$9:$A$3045)*($P$4='DS_Tong_12AS-AT-VH'!$B$9:$B$3045),0),6),0)} -> Nguyễn Huỳnh Kim | E34: {=IFERROR(INDEX('DS_Tong_12AS-AT-VH'!$A$9:$I$3045,MATCH(1,($A34='DS_Tong_12AS-AT-VH'!$A$9:$A$3045)*($P$4='DS_Tong_12AS-AT-VH'!$B$9:$B$3045),0),7),0)} -> Ngân | F34: {=IFERROR(INDEX('DS_Tong_12AS-AT-VH'!$A$9:$I$3045,MATCH(1,($A34='DS_Tong_12AS-AT-VH'!$A$9:$A$3045)*($P$4='DS_Tong_12AS-AT-VH'!$B$9:$B$3045),0),8),0)} -> 12AS9 | G34: {=IFERROR(INDEX('DS_Tong_12AS-AT-VH'!$A$9:$I$3045,MATCH(1,($A34='DS_Tong_12AS-AT-VH'!$A$9:$A$3045)*($P$4='DS_Tong_12AS-AT-VH'!$B$9:$B$3045),0),9),0)} -> HN | P34: =IFERROR(VLOOKUP($C34,'DS_Tong_12AS-AT-VH'!$E$9:$S$3024,13,0),0) -> 0 | R34: 28 | T34: =IFERROR(VLOOKUP($S34,TH_P.thi!$A$18:$P$165,3,0),0) -> 0 | U34: =IFERROR(VLOOKUP($S34,TH_P.thi!$A$18:$T$165,6,0),0) -> 0
A35: 27 | B35: {=IFERROR(INDEX('DS_Tong_12AS-AT-VH'!$A$9:$I$3045,MATCH(1,($A35='DS_Tong_12AS-AT-VH'!$A$9:$A$3045)*($P$4='DS_Tong_12AS-AT-VH'!$B$9:$B$3045),0),4),0)} -> P.7B | C35: {=IFERROR(INDEX('DS_Tong_12AS-AT-VH'!$A$9:$I$3045,MATCH(1,($A35='DS_Tong_12AS-AT-VH'!$A$9:$A$3045)*($P$4='DS_Tong_12AS-AT-VH'!$B$9:$B$3045),0),5),0)} -> 101444 | D35: {=IFERROR(INDEX('DS_Tong_12AS-AT-VH'!$A$9:$I$3045,MATCH(1,($A35='DS_Tong_12AS-AT-VH'!$A$9:$A$3045)*($P$4='DS_Tong_12AS-AT-VH'!$B$9:$B$3045),0),6),0)} -> Nguyễn Thị Yến | E35: {=IFERROR(INDEX('DS_Tong_12AS-AT-VH'!$A$9:$I$3045,MATCH(1,($A35='DS_Tong_12AS-AT-VH'!$A$9:$A$3045)*($P$4='DS_Tong_12AS-AT-VH'!$B$9:$B$3045),0),7),0)} -> Nhi | F35: {=IFERROR(INDEX('DS_Tong_12AS-AT-VH'!$A$9:$I$3045,MATCH(1,($A35='DS_Tong_12AS-AT-VH'!$A$9:$A$3045)*($P$4='DS_Tong_12AS-AT-VH'!$B$9:$B$3045),0),8),0)} -> 12AS11 | G35: {=IFERROR(INDEX('DS_Tong_12AS-AT-VH'!$A$9:$I$3045,MATCH(1,($A35='DS_Tong_12AS-AT-VH'!$A$9:$A$3045)*($P$4='DS_Tong_12AS-AT-VH'!$B$9:$B$3045),0),9),0)} -> HN | P35: =IFERROR(VLOOKUP($C35,'DS_Tong_12AS-AT-VH'!$E$9:$S$3024,13,0),0) -> 0 | R35: 29 | T35: =IFERROR(VLOOKUP($S35,TH_P.thi!$A$18:$P$165,3,0),0) -> 0 | U35: =IFERROR(VLOOKUP($S35,TH_P.thi!$A$18:$T$165,6,0),0) -> 0
A36: 28 | B36: {=IFERROR(INDEX('DS_Tong_12AS-AT-VH'!$A$9:$I$3045,MATCH(1,($A36='DS_Tong_12AS-AT-VH'!$A$9:$A$3045)*($P$4='DS_Tong_12AS-AT-VH'!$B$9:$B$3045),0),4),0)} -> 0 | C36: {=IFERROR(INDEX('DS_Tong_12AS-AT-VH'!$A$9:$I$3045,MATCH(1,($A36='DS_Tong_12AS-AT-VH'!$A$9:$A$3045)*($P$4='DS_Tong_12AS-AT-VH'!$B$9:$B$3045),0),5),0)} -> 0 | D36: {=IFERROR(INDEX('DS_Tong_12AS-AT-VH'!$A$9:$I$3045,MATCH(1,($A36='DS_Tong_12AS-AT-VH'!$A$9:$A$3045)*($P$4='DS_Tong_12AS-AT-VH'!$B$9:$B$3045),0),6),0)} -> 0 | E36: {=IFERROR(INDEX('DS_Tong_12AS-AT-VH'!$A$9:$I$3045,MATCH(1,($A36='DS_Tong_12AS-AT-VH'!$A$9:$A$3045)*($P$4='DS_Tong_12AS-AT-VH'!$B$9:$B$3045),0),7),0)} -> 0 | F36: {=IFERROR(INDEX('DS_Tong_12AS-AT-VH'!$A$9:$I$3045,MATCH(1,($A36='DS_Tong_12AS-AT-VH'!$A$9:$A$3045)*($P$4='DS_Tong_12AS-AT-VH'!$B$9:$B$3045),0),8),0)} -> 0 | G36: {=IFERROR(INDEX('DS_Tong_12AS-AT-VH'!$A$9:$I$3045,MATCH(1,($A36='DS_Tong_12AS-AT-VH'!$A$9:$A$3045)*($P$4='DS_Tong_12AS-AT-VH'!$B$9:$B$3045),0),9),0)} -> 0 | P36: =IFERROR(VLOOKUP($C36,'DS_Tong_12AS-AT-VH'!$E$9:$S$3024,13,0),0) -> 0 | R36: 30 | T36: =IFERROR(VLOOKUP($S36,TH_P.thi!$A$18:$P$165,3,0),0) -> 0 | U36: =IFERROR(VLOOKUP($S36,TH_P.thi!$A$18:$T$165,6,0),0) -> 0
A37: 29 | B37: {=IFERROR(INDEX('DS_Tong_12AS-AT-VH'!$A$9:$I$3045,MATCH(1,($A37='DS_Tong_12AS-AT-VH'!$A$9:$A$3045)*($P$4='DS_Tong_12AS-AT-VH'!$B$9:$B$3045),0),4),0)} -> 0 | C37: {=IFERROR(INDEX('DS_Tong_12AS-AT-VH'!$A$9:$I$3045,MATCH(1,($A37='DS_Tong_12AS-AT-VH'!$A$9:$A$3045)*($P$4='DS_Tong_12AS-AT-VH'!$B$9:$B$3045),0),5),0)} -> 0 | D37: {=IFERROR(INDEX('DS_Tong_12AS-AT-VH'!$A$9:$I$3045,MATCH(1,($A37='DS_Tong_12AS-AT-VH'!$A$9:$A$3045)*($P$4='DS_Tong_12AS-AT-VH'!$B$9:$B$3045),0),6),0)} -> 0 | E37: {=IFERROR(INDEX('DS_Tong_12AS-AT-VH'!$A$9:$I$3045,MATCH(1,($A37='DS_Tong_12AS-AT-VH'!$A$9:$A$3045)*($P$4='DS_Tong_12AS-AT-VH'!$B$9:$B$3045),0),7),0)} -> 0 | F37: {=IFERROR(INDEX('DS_Tong_12AS-AT-VH'!$A$9:$I$3045,MATCH(1,($A37='DS_Tong_12AS-AT-VH'!$A$9:$A$3045)*($P$4='DS_Tong_12AS-AT-VH'!$B$9:$B$3045),0),8),0)} -> 0 | G37: {=IFERROR(INDEX('DS_Tong_12AS-AT-VH'!$A$9:$I$3045,MATCH(1,($A37='DS_Tong_12AS-AT-VH'!$A$9:$A$3045)*($P$4='DS_Tong_12AS-AT-VH'!$B$9:$B$3045),0),9),0)} -> 0 | P37: =IFERROR(VLOOKUP($C37,'DS_Tong_12AS-AT-VH'!$E$9:$S$3024,13,0),0) -> 0 | R37: 31 | T37: =IFERROR(VLOOKUP($S37,TH_P.thi!$A$18:$P$165,3,0),0) -> 0 | U37: =IFERROR(VLOOKUP($S37,TH_P.thi!$A$18:$T$165,6,0),0) -> 0
A38: 30 | B38: {=IFERROR(INDEX('DS_Tong_12AS-AT-VH'!$A$9:$I$3045,MATCH(1,($A38='DS_Tong_12AS-AT-VH'!$A$9:$A$3045)*($P$4='DS_Tong_12AS-AT-VH'!$B$9:$B$3045),0),4),0)} -> 0 | C38: {=IFERROR(INDEX('DS_Tong_12AS-AT-VH'!$A$9:$I$3045,MATCH(1,($A38='DS_Tong_12AS-AT-VH'!$A$9:$A$3045)*($P$4='DS_Tong_12AS-AT-VH'!$B$9:$B$3045),0),5),0)} -> 0 | D38: {=IFERROR(INDEX('DS_Tong_12AS-AT-VH'!$A$9:$I$3045,MATCH(1,($A38='DS_Tong_12AS-AT-VH'!$A$9:$A$3045)*($P$4='DS_Tong_12AS-AT-VH'!$B$9:$B$3045),0),6),0)} -> 0 | E38: {=IFERROR(INDEX('DS_Tong_12AS-AT-VH'!$A$9:$I$3045,MATCH(1,($A38='DS_Tong_12AS-AT-VH'!$A$9:$A$3045)*($P$4='DS_Tong_12AS-AT-VH'!$B$9:$B$3045),0),7),0)} -> 0 | F38: {=IFERROR(INDEX('DS_Tong_12AS-AT-VH'!$A$9:$I$3045,MATCH(1,($A38='DS_Tong_12AS-AT-VH'!$A$9:$A$3045)*($P$4='DS_Tong_12AS-AT-VH'!$B$9:$B$3045),0),8),0)} -> 0 | G38: {=IFERROR(INDEX('DS_Tong_12AS-AT-VH'!$A$9:$I$3045,MATCH(1,($A38='DS_Tong_12AS-AT-VH'!$A$9:$A$3045)*($P$4='DS_Tong_12AS-AT-VH'!$B$9:$B$3045),0),9),0)} -> 0 | R38: 32 | T38: =IFERROR(VLOOKUP($S38,TH_P.thi!$A$18:$P$165,3,0),0) -> 0 | U38: =IFERROR(VLOOKUP($S38,TH_P.thi!$A$18:$T$165,6,0),0) -> 0
A39: 31 | B39: {=IFERROR(INDEX('DS_Tong_12AS-AT-VH'!$A$9:$I$3045,MATCH(1,($A39='DS_Tong_12AS-AT-VH'!$A$9:$A$3045)*($P$4='DS_Tong_12AS-AT-VH'!$B$9:$B$3045),0),4),0)} -> 0 | C39: {=IFERROR(INDEX('DS_Tong_12AS-AT-VH'!$A$9:$I$3045,MATCH(1,($A39='DS_Tong_12AS-AT-VH'!$A$9:$A$3045)*($P$4='DS_Tong_12AS-AT-VH'!$B$9:$B$3045),0),5),0)} -> 0 | D39: {=IFERROR(INDEX('DS_Tong_12AS-AT-VH'!$A$9:$I$3045,MATCH(1,($A39='DS_Tong_12AS-AT-VH'!$A$9:$A$3045)*($P$4='DS_Tong_12AS-AT-VH'!$B$9:$B$3045),0),6),0)} -> 0 | E39: {=IFERROR(INDEX('DS_Tong_12AS-AT-VH'!$A$9:$I$3045,MATCH(1,($A39='DS_Tong_12AS-AT-VH'!$A$9:$A$3045)*($P$4='DS_Tong_12AS-AT-VH'!$B$9:$B$3045),0),7),0)} -> 0 | F39: {=IFERROR(INDEX('DS_Tong_12AS-AT-VH'!$A$9:$I$3045,MATCH(1,($A39='DS_Tong_12AS-AT-VH'!$A$9:$A$3045)*($P$4='DS_Tong_12AS-AT-VH'!$B$9:$B$3045),0),8),0)} -> 0 | G39: {=IFERROR(INDEX('DS_Tong_12AS-AT-VH'!$A$9:$I$3045,MATCH(1,($A39='DS_Tong_12AS-AT-VH'!$A$9:$A$3045)*($P$4='DS_Tong_12AS-AT-VH'!$B$9:$B$3045),0),9),0)} -> 0 | R39: 33
A40: 32 | B40: {=IFERROR(INDEX('DS_Tong_12AS-AT-VH'!$A$9:$I$3045,MATCH(1,($A40='DS_Tong_12AS-AT-VH'!$A$9:$A$3045)*($P$4='DS_Tong_12AS-AT-VH'!$B$9:$B$3045),0),4),0)} -> 0 | C40: {=IFERROR(INDEX('DS_Tong_12AS-AT-VH'!$A$9:$I$3045,MATCH(1,($A40='DS_Tong_12AS-AT-VH'!$A$9:$A$3045)*($P$4='DS_Tong_12AS-AT-VH'!$B$9:$B$3045),0),5),0)} -> 0 | D40: {=IFERROR(INDEX('DS_Tong_12AS-AT-VH'!$A$9:$I$3045,MATCH(1,($A40='DS_Tong_12AS-AT-VH'!$A$9:$A$3045)*($P$4='DS_Tong_12AS-AT-VH'!$B$9:$B$3045),0),6),0)} -> 0 | E40: {=IFERROR(INDEX('DS_Tong_12AS-AT-VH'!$A$9:$I$3045,MATCH(1,($A40='DS_Tong_12AS-AT-VH'!$A$9:$A$3045)*($P$4='DS_Tong_12AS-AT-VH'!$B$9:$B$3045),0),7),0)} -> 0 | F40: {=IFERROR(INDEX('DS_Tong_12AS-AT-VH'!$A$9:$I$3045,MATCH(1,($A40='DS_Tong_12AS-AT-VH'!$A$9:$A$3045)*($P$4='DS_Tong_12AS-AT-VH'!$B$9:$B$3045),0),8),0)} -> 0 | G40: {=IFERROR(INDEX('DS_Tong_12AS-AT-VH'!$A$9:$I$3045,MATCH(1,($A40='DS_Tong_12AS-AT-VH'!$A$9:$A$3045)*($P$4='DS_Tong_12AS-AT-VH'!$B$9:$B$3045),0),9),0)} -> 0 | P40: =IFERROR(VLOOKUP($C40,'DS_Tong_12AS-AT-VH'!$E$9:$S$3024,13,0),0) -> 0 | R40: 34 | T40: =IFERROR(VLOOKUP($S40,TH_P.thi!$A$18:$P$165,3,0),0) -> 0 | U40: =IFERROR(VLOOKUP($S40,TH_P.thi!$A$18:$T$165,6,0),0) -> 0
A41: Tổng cộng số bài thi: | P41: =IFERROR(VLOOKUP($C41,'DS_Tong_12AS-AT-VH'!$E$9:$S$3024,13,0),0) -> 0
A42: Giám thị: | H42: Ký tên:…………………………….. | J42: Ký tên:…………………………….. | L42: Ký tên:…………………………….. | N42: Ký tên:……………………………..

Sheet Nghi hoc T12
A1: SỞ GIÁO DỤC VÀ ĐÀO TẠO THÀNH PHỐ HỒ CHÍ MINH | B1: SỞ GIÁO DỤC VÀ ĐÀO TẠO THÀNH PHỐ HỒ CHÍ MINH | C1: SỞ GIÁO DỤC VÀ ĐÀO TẠO THÀNH PHỐ HỒ CHÍ MINH | D1: SỞ GIÁO DỤC VÀ ĐÀO TẠO THÀNH PHỐ HỒ CHÍ MINH
A2: TT GDNN-GDTX THÀNH PHỐ THỦ ĐỨC | B2: TT GDNN-GDTX THÀNH PHỐ THỦ ĐỨC | C2: TT GDNN-GDTX THÀNH PHỐ THỦ ĐỨC | D2: TT GDNN-GDTX THÀNH PHỐ THỦ ĐỨC
A3: DANH SÁCH THÔNG TIN HỒ SƠ - KẾT QUẢ HỌC TẬP HỌC SINH | B3: DANH SÁCH THÔNG TIN HỒ SƠ - KẾT QUẢ HỌC TẬP HỌC SINH | C3: DANH SÁCH THÔNG TIN HỒ SƠ - KẾT QUẢ HỌC TẬP HỌC SINH | D3: DANH SÁCH THÔNG TIN HỒ SƠ - KẾT QUẢ HỌC TẬP HỌC SINH | E3: DANH SÁCH THÔNG TIN HỒ SƠ - KẾT QUẢ HỌC TẬP HỌC SINH | F3: DANH SÁCH THÔNG TIN HỒ SƠ - KẾT QUẢ HỌC TẬP HỌC SINH | G3: DANH SÁCH THÔNG TIN HỒ SƠ - KẾT QUẢ HỌC TẬP HỌC SINH
A4: Năm học: 2025-2026 | B4: Năm học: 2025-2026 | C4: Năm học: 2025-2026 | D4: Năm học: 2025-2026 | E4: Năm học: 2025-2026 | F4: Năm học: 2025-2026 | G4: Năm học: 2025-2026
A6: STT | B6: Lớp học | C6: Họ tên | D6: Ngày sinh | E6: Giới tính | F6: Dân tộc | G6: Trạng thái
A7: 1 | B7: 10AS1 | C7: Huỳnh Thị Ngọc Anh | D7: 07/09/2010 | E7: Nữ | F7: Kinh | G7: Thôi học kỳ 1 | H7: =C7&"_"&B7 -> Huỳnh Thị Ngọc Anh_10AS1 | I7: NgiH
A8: 2 | B8: 10AS1 | C8: Nguyễn Quý Ngọc Thiện | D8: 16/09/2007 | E8: Nam | F8: Kinh | G8: Thôi học kỳ 1 | H8: =C8&"_"&B8 -> Nguyễn Quý Ngọc Thiện_10AS1 | I8: NgiH
A9: 3 | B9: 10AS4 | C9: Trương Tiến Dũng | D9: 24/06/2010 | E9: Nam | F9: Kinh | G9: Thôi học kỳ 1 | H9: =C9&"_"&B9 -> Trương Tiến Dũng_10AS4 | I9: NgiH
A10: 4 | B10: 10AS5 | C10: Đỗ Thiên Hồng Anh | D10: 30/08/2008 | E10: Nam | F10: Kinh | G10: Thôi học kỳ 1 | H10: =C10&"_"&B10 -> Đỗ Thiên Hồng Anh_10AS5 | I10: NgiH
A11: 5 | B11: 10AS5 | C11: Phạm Hoàng Bảo Quý | D11: 23/01/2010 | E11: Nam | F11: Mường | G11: Thôi học kỳ 1 | H11: =C11&"_"&B11 -> Phạm Hoàng Bảo Quý_10AS5 | I11: NgiH
A12: 6 | B12: 10AS6 | C12: Phan Văn Vũ Khang | D12: 05/10/2010 | E12: Nam | F12: Kinh | G12: Thôi học kỳ 1 | H12: =C12&"_"&B12 -> Phan Văn Vũ Khang_10AS6 | I12: NgiH
A13: 7 | B13: 10AS7 | C13: Lê Thanh Lâm | D13: 25/05/2009 | E13: Nam | F13: Kinh | G13: Thôi học kỳ 1 | H13: =C13&"_"&B13 -> Lê Thanh Lâm_10AS7 | I13: NgiH
A14: 8 | B14: 10AT1 | C14: Lê Châu Tuấn Đạt | D14: 18/08/1999 | E14: Nam | F14: Kinh | G14: Thôi học kỳ 1 | H14: =C14&"_"&B14 -> Lê Châu Tuấn Đạt_10AT1 | I14: NgiH
A15: 9 | B15: 10AT1 | C15: Lê Quốc Huy | D15: 01/09/2009 | E15: Nam | F15: Kinh | G15: Thôi học kỳ 1 | H15: =C15&"_"&B15 -> Lê Quốc Huy_10AT1 | I15: NgiH
A16: 10 | B16: 10AT1 | C16: Lê Lợi | D16: 09/07/2000 | E16: Nam | F16: Kinh | G16: Thôi học kỳ 1 | H16: =C16&"_"&B16 -> Lê Lợi_10AT1 | I16: NgiH
A17: 11 | B17: 10AT1 | C17: Đỗ Minh Phụng | D17: 23/10/1996 | E17: Nam | F17: Kinh | G17: Thôi học kỳ 1 | H17: =C17&"_"&B17 -> Đỗ Minh Phụng_10AT1 | I17: NgiH
A18: 12 | B18: 10AT2 | C18: Đinh Tuấn Anh | D18: 02/06/2008 | E18: Nam | F18: Kinh | G18: Thôi học kỳ 1 | H18: =C18&"_"&B18 -> Đinh Tuấn Anh_10AT2 | I18: NgiH
... A160: 154 | B160: 12KT4 | C160: Đoàn Nguyễn Đức Sơn | D160: 05/11/2008 | E160: Nam | F160: Kinh | G160: Thôi học kỳ 1 | H160: =C160&"_"&B160 -> Đoàn Nguyễn Đức Sơn_12KT4 | I160: NgiH
D163: Người lập biểu (Ký và ghi rõ họ tên)

Sheet No_HP
B1: Tên HV_KT gửi DS | C1: =COUNTIF(C2:C514,"HP") -> 506 | D1: =COUNTIF(D2:D514,"HP") -> 0 | E1: =C1-D1 -> 506
A2: 1 | B2: Lê Tuấn Anh_12AS1 | C2: HP | D2: =VLOOKUP(B2,'DS_Tong_12AS-AT-VH'!$T$9:$V$3025,3,0) -> #N/A
A3: 2 | B3: Nguyễn Thị Vân Anh_12AS1 | C3: HP | D3: =VLOOKUP(B3,'DS_Tong_12AS-AT-VH'!$T$9:$V$3025,3,0) -> #N/A
A4: 3 | B4: Phạm Vàng Anh_12AS1 | C4: HP | D4: =VLOOKUP(B4,'DS_Tong_12AS-AT-VH'!$T$9:$V$3025,3,0) -> #N/A
A5: 4 | B5: Nguyễn Khắc Thái Bảo_12AS1 | C5: HP | D5: =VLOOKUP(B5,'DS_Tong_12AS-AT-VH'!$T$9:$V$3025,3,0) -> #N/A
A6: 5 | B6: Nguyễn Thị Mỹ Duyên_12AS1 | C6: HP | D6: =VLOOKUP(B6,'DS_Tong_12AS-AT-VH'!$T$9:$V$3025,3,0) -> #N/A
A7: 6 | B7: Đặng Hoàng Trung Hiếu_12AS1 | C7: HP | D7: =VLOOKUP(B7,'DS_Tong_12AS-AT-VH'!$T$9:$V$3025,3,0) -> #N/A
A8: 7 | B8: Thái Xuân Hiếu_12AS1 | C8: HP | D8: =VLOOKUP(B8,'DS_Tong_12AS-AT-VH'!$T$9:$V$3025,3,0) -> #N/A
A9: 8 | B9: Nguyễn Ngọc Trường Huy_12AS1 | C9: HP | D9: =VLOOKUP(B9,'DS_Tong_12AS-AT-VH'!$T$9:$V$3025,3,0) -> #N/A
A10: 9 | B10: Thái Bá Huy_12AS1 | C10: HP | D10: =VLOOKUP(B10,'DS_Tong_12AS-AT-VH'!$T$9:$V$3025,3,0) -> #N/A
A11: 10 | B11: Phạm Tuấn Khải_12AS1 | C11: HP | D11: =VLOOKUP(B11,'DS_Tong_12AS-AT-VH'!$T$9:$V$3025,3,0) -> #N/A
A12: 11 | B12: Nguyễn Dương Hoàng Khang_12AS1 | C12: HP | D12: =VLOOKUP(B12,'DS_Tong_12AS-AT-VH'!$T$9:$V$3025,3,0) -> #N/A
A13: 12 | B13: Phan Nguyễn Phúc Khang_12AS1 | C13: HP | D13: =VLOOKUP(B13,'DS_Tong_12AS-AT-VH'!$T$9:$V$3025,3,0) -> #N/A
... A17: 16 | B17: Hoàng Long Nhật_12AS1 | C17: HP | D17: =VLOOKUP(B17,'DS_Tong_12AS-AT-VH'!$T$9:$V$3025,3,0) -> #N/A
A18: 17 | B18: Nguyễn Ngọc Quỳnh Như_12AS1 | C18: HP | D18: =VLOOKUP(B18,'DS_Tong_12AS-AT-VH'!$T$9:$V$3025,3,0) -> #N/A | E18: Nghỉ học
A19: 18 | B19: Kiều Minh Nhựt_12AS1 | C19: HP | D19: =VLOOKUP(B19,'DS_Tong_12AS-AT-VH'!$T$9:$V$3025,3,0) -> #N/A
A20: 19 | B20: Võ Minh Duy Phúc_12AS1 | C20: HP | D20: =VLOOKUP(B20,'DS_Tong_12AS-AT-VH'!$T$9:$V$3025,3,0) -> #N/A
A21: 20 | B21: Đặng Minh Quân_12AS1 | C21: HP | D21: =VLOOKUP(B21,'DS_Tong_12AS-AT-VH'!$T$9:$V$3025,3,0) -> #N/A
A22: 21 | B22: Lâm Chí Tài_12AS1 | C22: HP | D22: =VLOOKUP(B22,'DS_Tong_12AS-AT-VH'!$T$9:$V$3025,3,0) -> #N/A
A23: 22 | B23: Phan Ngọc Thuỷ Tiên_12AS1 | C23: HP | D23: =VLOOKUP(B23,'DS_Tong_12AS-AT-VH'!$T$9:$V$3025,3,0) -> #N/A
A24: 23 | B24: Nguyễn Thị Thanh Tuyền_12AS1 | C24: HP | D24: =VLOOKUP(B24,'DS_Tong_12AS-AT-VH'!$T$9:$V$3025,3,0) -> #N/A
A25: 24 | B25: Oghaekor Jacob Ohiorenua Thành_12AS1 | C25: HP | D25: =VLOOKUP(B25,'DS_Tong_12AS-AT-VH'!$T$9:$V$3025,3,0) -> #N/A
A26: 25 | B26: Nguyễn Ngọc Thảo_12AS1 | C26: HP | D26: =VLOOKUP(B26,'DS_Tong_12AS-AT-VH'!$T$9:$V$3025,3,0) -> #N/A
A27: 26 | B27: Nguyễn Cường Thịnh_12AS1 | C27: HP | D27: =VLOOKUP(B27,'DS_Tong_12AS-AT-VH'!$T$9:$V$3025,3,0) -> #N/A
A28: 27 | B28: Đoàn Nguyễn Minh Thông_12AS1 | C28: HP | D28: =VLOOKUP(B28,'DS_Tong_12AS-AT-VH'!$T$9:$V$3025,3,0) -> #N/A
A29: 28 | B29: Lê Thị Thùy Trang_12AS1 | C29: HP | D29: =VLOOKUP(B29,'DS_Tong_12AS-AT-VH'!$T$9:$V$3025,3,0) -> #N/A
A30: 29 | B30: Nguyễn Đoàn Thùy Trang_12AS1 | C30: HP | D30: =VLOOKUP(B30,'DS_Tong_12AS-AT-VH'!$T$9:$V$3025,3,0) -> #N/A
... A41: 40 | B41: Nguyễn Duy Hoàn_12AS10 | C41: HP | D41: =VLOOKUP(B41,'DS_Tong_12AS-AT-VH'!$T$9:$V$3025,3,0) -> #N/A
A42: 41 | B42: Phạm Việt Hùng_12AS10 | C42: HP | D42: =VLOOKUP(B42,'DS_Tong_12AS-AT-VH'!$T$9:$V$3025,3,0) -> #N/A | E42: Nghỉ học
A43: 42 | B43: Đặng Đình Tuấn Kiệt_12AS10 | C43: HP | D43: =VLOOKUP(B43,'DS_Tong_12AS-AT-VH'!$T$9:$V$3025,3,0) -> #N/A
A44: 43 | B44: Trần Minh Khang_12AS10 | C44: HP | D44: =VLOOKUP(B44,'DS_Tong_12AS-AT-VH'!$T$9:$V$3025,3,0) -> #N/A
A45: 44 | B45: Lý Ngọc Thùy Linh_12AS10 | C45: HP | D45: =VLOOKUP(B45,'DS_Tong_12AS-AT-VH'!$T$9:$V$3025,3,0) -> #N/A
A46: 45 | B46: Lâm Gia Luật_12AS10 | C46: HP | D46: =VLOOKUP(B46,'DS_Tong_12AS-AT-VH'!$T$9:$V$3025,3,0) -> #N/A
A47: 46 | B47: Lê Thị Kiều My_12AS10 | C47: HP | D47: =VLOOKUP(B47,'DS_Tong_12AS-AT-VH'!$T$9:$V$3025,3,0) -> #N/A
A48: 47 | B48: Nguyễn Thị Hà My_12AS10 | C48: HP | D48: =VLOOKUP(B48,'DS_Tong_12AS-AT-VH'!$T$9:$V$3025,3,0) -> #N/A
A49: 48 | B49: Nguyễn Ngọc Khánh Ngân_12AS10 | C49: HP | D49: =VLOOKUP(B49,'DS_Tong_12AS-AT-VH'!$T$9:$V$3025,3,0) -> #N/A
A50: 49 | B50: Trần Dương Bảo Ngọc_12AS10 | C50: HP | D50: =VLOOKUP(B50,'DS_Tong_12AS-AT-VH'!$T$9:$V$3025,3,0) -> #N/A
A51: 50 | B51: Phạm Minh Nhật_12AS10 | C51: HP | D51: =VLOOKUP(B51,'DS_Tong_12AS-AT-VH'!$T$9:$V$3025,3,0) -> #N/A
A52: 51 | B52: Nguyễn Thị Quỳnh Như_12AS10 | C52: HP | D52: =VLOOKUP(B52,'DS_Tong_12AS-AT-VH'!$T$9:$V$3025,3,0) -> #N/A
A53: 52 | B53: Nguyễn Thị Cẩm Tú_12AS10 | C53: HP | D53: =VLOOKUP(B53,'DS_Tong_12AS-AT-VH'!$T$9:$V$3025,3,0) -> #N/A
A54: 53 | B54: Nguyễn Thanh Tuyền_12AS10 | C54: HP | D54: =VLOOKUP(B54,'DS_Tong_12AS-AT-VH'!$T$9:$V$3025,3,0) -> #N/A
... A136: 135 | B136: Phạm Phú Thành_12AS2 | C136: HP | D136: =VLOOKUP(B136,'DS_Tong_12AS-AT-VH'!$T$9:$V$3025,3,0) -> #N/A
A137: 136 | B137: Trương Thị Anh Thư_12AS2 | C137: HP | D137: =VLOOKUP(B137,'DS_Tong_12AS-AT-VH'!$T$9:$V$3025,3,0) -> #N/A | E137: Nghỉ học
A138: 137 | B138: Bùi Ngọc Yến Trang_12AS2 | C138: HP | D138: =VLOOKUP(B138,'DS_Tong_12AS-AT-VH'!$T$9:$V$3025,3,0) -> #N/A
A139: 138 | B139: Nguyễn Trọng Trí_12AS2 | C139: HP | D139: =VLOOKUP(B139,'DS_Tong_12AS-AT-VH'!$T$9:$V$3025,3,0) -> #N/A
A140: 139 | B140: Võ Thị Kim Vân_12AS2 | C140: HP | D140: =VLOOKUP(B140,'DS_Tong_12AS-AT-VH'!$T$9:$V$3025,3,0) -> #N/A
A141: 140 | B141: Nguyễn Ngọc Tường Vi_12AS2 | C141: HP | D141: =VLOOKUP(B141,'DS_Tong_12AS-AT-VH'!$T$9:$V$3025,3,0) -> #N/A
A142: 141 | B142: Trương Trần Quốc Anh_12AS3 | C142: HP | D142: =VLOOKUP(B142,'DS_Tong_12AS-AT-VH'!$T$9:$V$3025,3,0) -> #N/A
A143: 142 | B143: Phan Công Bình_12AS3 | C143: HP | D143: =VLOOKUP(B143,'DS_Tong_12AS-AT-VH'!$T$9:$V$3025,3,0) -> #N/A
A144: 143 | B144: Phan Quốc Cường_12AS3 | C144: HP | D144: =VLOOKUP(B144,'DS_Tong_12AS-AT-VH'!$T$9:$V$3025,3,0) -> #N/A
A145: 144 | B145: Trần Công Danh_12AS3 | C145: HP | D145: =VLOOKUP(B145,'DS_Tong_12AS-AT-VH'!$T$9:$V$3025,3,0) -> #N/A
A146: 145 | B146: Triệu Chu Khánh Duy_12AS3 | C146: HP | D146: =VLOOKUP(B146,'DS_Tong_12AS-AT-VH'!$T$9:$V$3025,3,0) -> #N/A
A147: 146 | B147: Nguyễn Thị Dương_12AS3 | C147: HP | D147: =VLOOKUP(B147,'DS_Tong_12AS-AT-VH'!$T$9:$V$3025,3,0) -> #N/A
A148: 147 | B148: Vũ Gia Thành Đạt_12AS3 | C148: HP | D148: =VLOOKUP(B148,'DS_Tong_12AS-AT-VH'!$T$9:$V$3025,3,0) -> #N/A
A149: 148 | B149: Lê Xuân Đô_12AS3 | C149: HP | D149: =VLOOKUP(B149,'DS_Tong_12AS-AT-VH'!$T$9:$V$3025,3,0) -> #N/A
... A183: 182 | B183: Hoàng Trang Kim Khánh_12AS4 | C183: HP | D183: =VLOOKUP(B183,'DS_Tong_12AS-AT-VH'!$T$9:$V$3025,3,0) -> #N/A
A184: 183 | B184: Trịnh Tiến Long_12AS4 | C184: HP | D184: =VLOOKUP(B184,'DS_Tong_12AS-AT-VH'!$T$9:$V$3025,3,0) -> #N/A | E184: Nghỉ học
A185: 184 | B185: Trần Lê Xuân Mai_12AS4 | C185: HP | D185: =VLOOKUP(B185,'DS_Tong_12AS-AT-VH'!$T$9:$V$3025,3,0) -> #N/A
A186: 185 | B186: Lê Vàng Kim Nga_12AS4 | C186: HP | D186: =VLOOKUP(B186,'DS_Tong_12AS-AT-VH'!$T$9:$V$3025,3,0) -> #N/A
A187: 186 | B187: Nguyễn Thanh Nhân_12AS4 | C187: HP | D187: =VLOOKUP(B187,'DS_Tong_12AS-AT-VH'!$T$9:$V$3025,3,0) -> #N/A
A188: 187 | B188: Tạ Hoàng Trung Nhân_12AS4 | C188: HP | D188: =VLOOKUP(B188,'DS_Tong_12AS-AT-VH'!$T$9:$V$3025,3,0) -> #N/A
A189: 188 | B189: Hoàng Văn Nhất_12AS4 | C189: HP | D189: =VLOOKUP(B189,'DS_Tong_12AS-AT-VH'!$T$9:$V$3025,3,0) -> #N/A | E189: Nghỉ học
A190: 189 | B190: Nguyễn Thị Tuyết Nhung_12AS4 | C190: HP | D190: =VLOOKUP(B190,'DS_Tong_12AS-AT-VH'!$T$9:$V$3025,3,0) -> #N/A
A191: 190 | B191: Dương Lâm Như_12AS4 | C191: HP | D191: =VLOOKUP(B191,'DS_Tong_12AS-AT-VH'!$T$9:$V$3025,3,0) -> #N/A
A192: 191 | B192: Nguyễn Mậu Phú_12AS4 | C192: HP | D192: =VLOOKUP(B192,'DS_Tong_12AS-AT-VH'!$T$9:$V$3025,3,0) -> #N/A
A193: 192 | B193: La Thị Mai Phương_12AS4 | C193: HP | D193: =VLOOKUP(B193,'DS_Tong_12AS-AT-VH'!$T$9:$V$3025,3,0) -> #N/A
A194: 193 | B194: Lê Viên Hồng Phương_12AS4 | C194: HP | D194: =VLOOKUP(B194,'DS_Tong_12AS-AT-VH'!$T$9:$V$3025,3,0) -> #N/A
A195: 194 | B195: Vương Ngọc Quyền_12AS4 | C195: HP | D195: =VLOOKUP(B195,'DS_Tong_12AS-AT-VH'!$T$9:$V$3025,3,0) -> #N/A
A196: 195 | B196: Trần Ngọc Quỳnh_12AS4 | C196: HP | D196: =VLOOKUP(B196,'DS_Tong_12AS-AT-VH'!$T$9:$V$3025,3,0) -> #N/A
A197: 196 | B197: Lê Trường Sơn_12AS4 | C197: HP | D197: =VLOOKUP(B197,'DS_Tong_12AS-AT-VH'!$T$9:$V$3025,3,0) -> #N/A
A198: 197 | B198: Vũ Đức Toàn_12AS4 | C198: HP | D198: =VLOOKUP(B198,'DS_Tong_12AS-AT-VH'!$T$9:$V$3025,3,0) -> #N/A
A199: 198 | B199: Mai Thanh Thuý_12AS4 | C199: HP | D199: =VLOOKUP(B199,'DS_Tong_12AS-AT-VH'!$T$9:$V$3025,3,0) -> #N/A
A200: 199 | B200: Nguyễn Thị Quỳnh Trang_12AS4 | C200: HP | D200: =VLOOKUP(B200,'DS_Tong_12AS-AT-VH'!$T$9:$V$3025,3,0) -> #N/A
A201: 200 | B201: Nguyễn Ngọc Trinh_12AS4 | C201: HP | D201: =VLOOKUP(B201,'DS_Tong_12AS-AT-VH'!$T$9:$V$3025,3,0) -> #N/A
... A206: 205 | B206: Đinh Trường Xuân_12AS4 | C206: HP | D206: =VLOOKUP(B206,'DS_Tong_12AS-AT-VH'!$T$9:$V$3025,3,0) -> #N/A
A207: 206 | B207: Lê Thị Ánh Xuân_12AS4 | C207: HP | D207: =VLOOKUP(B207,'DS_Tong_12AS-AT-VH'!$T$9:$V$3025,3,0) -> #N/A | E207: Nghỉ học
A208: 207 | B208: Nguyễn Lê Bảo Anh_12AS5 | C208: HP | D208: =VLOOKUP(B208,'DS_Tong_12AS-AT-VH'!$T$9:$V$3025,3,0) -> #N/A
A209: 208 | B209: Trần Nguyễn Hoàng Anh_12AS5 | C209: HP | D209: =VLOOKUP(B209,'DS_Tong_12AS-AT-VH'!$T$9:$V$3025,3,0) -> #N/A
A210: 209 | B210: Trần Lê Hồng Ân_12AS5 | C210: HP | D210: =VLOOKUP(B210,'DS_Tong_12AS-AT-VH'!$T$9:$V$3025,3,0) -> #N/A
A211: 210 | B211: Nguyễn Dương Quế Chi_12AS5 | C211: HP | D211: =VLOOKUP(B211,'DS_Tong_12AS-AT-VH'!$T$9:$V$3025,3,0) -> #N/A
A212: 211 | B212: Tô Nguyễn Phước Duy_12AS5 | C212: HP | D212: =VLOOKUP(B212,'DS_Tong_12AS-AT-VH'!$T$9:$V$3025,3,0) -> #N/A
A213: 212 | B213: Trương Quang Điệp_12AS5 | C213: HP | D213: =VLOOKUP(B213,'DS_Tong_12AS-AT-VH'!$T$9:$V$3025,3,0) -> #N/A
A214: 213 | B214: Phạm Minh Giang_12AS5 | C214: HP | D214: =VLOOKUP(B214,'DS_Tong_12AS-AT-VH'!$T$9:$V$3025,3,0) -> #N/A
A215: 214 | B215: Nguyễn Minh Hiếu_12AS5 | C215: HP | D215: =VLOOKUP(B215,'DS_Tong_12AS-AT-VH'!$T$9:$V$3025,3,0) -> #N/A
A216: 215 | B216: Nguyễn Hoàng Gia Huy_12AS5 | C216: HP | D216: =VLOOKUP(B216,'DS_Tong_12AS-AT-VH'!$T$9:$V$3025,3,0) -> #N/A
A217: 216 | B217: Nguyễn Thành Luân_12AS5 | C217: HP | D217: =VLOOKUP(B217,'DS_Tong_12AS-AT-VH'!$T$9:$V$3025,3,0) -> #N/A
A218: 217 | B218: Phạm Yến Mai_12AS5 | C218: HP | D218: =VLOOKUP(B218,'DS_Tong_12AS-AT-VH'!$T$9:$V$3025,3,0) -> #N/A
A219: 218 | B219: Hoàng Xuân Minh_12AS5 | C219: HP | D219: =VLOOKUP(B219,'DS_Tong_12AS-AT-VH'!$T$9:$V$3025,3,0) -> #N/A
... A350: 349 | B350: Vũ Thị Kim Phượng_12AS9 | C350: HP | D350: =VLOOKUP(B350,'DS_Tong_12AS-AT-VH'!$T$9:$V$3025,3,0) -> #N/A
A351: 350 | B351: Lương Đổng Quang_12AS9 | C351: HP | D351: =VLOOKUP(B351,'DS_Tong_12AS-AT-VH'!$T$9:$V$3025,3,0) -> #N/A | E351: Nghỉ học
A352: 351 | B352: Trần Anh Quân_12AS9 | C352: HP | D352: =VLOOKUP(B352,'DS_Tong_12AS-AT-VH'!$T$9:$V$3025,3,0) -> #N/A
A353: 352 | B353: Tạ Hồ Đức Tiến_12AS9 | C353: HP | D353: =VLOOKUP(B353,'DS_Tong_12AS-AT-VH'!$T$9:$V$3025,3,0) -> #N/A
A354: 353 | B354: Nguyễn Hữu Thiên Thanh_12AS9 | C354: HP | D354: =VLOOKUP(B354,'DS_Tong_12AS-AT-VH'!$T$9:$V$3025,3,0) -> #N/A
A355: 354 | B355: Nguyễn Quang Thiên_12AS9 | C355: HP | D355: =VLOOKUP(B355,'DS_Tong_12AS-AT-VH'!$T$9:$V$3025,3,0) -> #N/A
A356: 355 | B356: Hà Thị Thuỳ Trang_12AS9 | C356: HP | D356: =VLOOKUP(B356,'DS_Tong_12AS-AT-VH'!$T$9:$V$3025,3,0) -> #N/A
A357: 356 | B357: Nguyễn Ngọc Hồng Trinh_12AS9 | C357: HP | D357: =VLOOKUP(B357,'DS_Tong_12AS-AT-VH'!$T$9:$V$3025,3,0) -> #N/A
A358: 357 | B358: Đỗ Nguyễn Phương Trúc_12AS9 | C358: HP | D358: =VLOOKUP(B358,'DS_Tong_12AS-AT-VH'!$T$9:$V$3025,3,0) -> #N/A
A359: 358 | B359: Phan Bùi Thanh Trúc_12AS9 | C359: HP | D359: =VLOOKUP(B359,'DS_Tong_12AS-AT-VH'!$T$9:$V$3025,3,0) -> #N/A
A360: 359 | B360: Liêu Minh Trung_12AS9 | C360: HP | D360: =VLOOKUP(B360,'DS_Tong_12AS-AT-VH'!$T$9:$V$3025,3,0) -> #N/A
A361: 360 | B361: Nguyễn Khánh Vy_12AS9 | C361: HP | D361: =VLOOKUP(B361,'DS_Tong_12AS-AT-VH'!$T$9:$V$3025,3,0) -> #N/A
...

Sheet TH_P.thi
K1: 5 | L1: 6 | M1: 7 | N1: 8 | O1: 9 | P1: 10
B2: 25-26 | C2: ="LỚP "&D2&" -" -> LỚP 12AS - | D2: 12AS | E2: NGÀY THI: 22+24/12/2025 | H2: SÁNG | I2: Thứ Hai (22/12) | J2: Thứ Tư (24/12) | K2: Đ.chiếu DS trộn | L2: Chênh lệch
B3: 2025 - 2026 | C3: ="LỚP "&D3&" -" -> LỚP 12KT - | D3: 12KT | E3: NGÀY THI: 22+24/12/2025 | H3: SÁNG | I3: Thứ Hai (22/12) | J3: Thứ Tư (24/12) | M3: 2 | N3: 3 | O3: 4 | P3: 5
C4: ="LỚP "&D4&" -" -> LỚP 10VH - | D4: 10VH | E4: NGÀY THI: 22+24/12/2025 | H4: CHIỀU | I4: Thứ Hai (22/12) | J4: Thứ Tư (24/12)
C5: ="LỚP "&D5&" -" -> LỚP 10KT - | D5: 10KT | E5: NGÀY THI: 22+24/12/2025 | H5: CHIỀU | I5: Thứ Hai (22/12) | J5: Thứ Tư (24/12) | L5: TH1 | M5: VĂN | N5: LÝ | O5: TOÁN | P5: SỬ
C6: ="LỚP "&D6&" -" -> LỚP 12AT - | D6: 12AT | E6: NGÀY THI: 22+23/12/2025 | H6: TỐI | I6: Thứ Hai (22/12) | J6: Thứ Ba (23/12) | L6: TH2 | M6: VĂN | N6: HÓA | O6: TOÁN | P6: SỬ
C7: ="LỚP "&D7&" -" -> LỚP 12VH - | D7: 12VH | E7: NGÀY THI: 22+23/12/2025 | H7: TỐI | I7: Thứ Hai (22/12) | J7: Thứ Ba (23/12) | L7: TH3 | M7: VĂN | N7: KT-PL | O7: TOÁN | P7: SỬ
C8: ="LỚP "&D8&" -" -> LỚP 10AT - | D8: 10AT | E8: NGÀY THI: 22+23/12/2025 | H8: TỐI | I8: Thứ Hai (22/12) | J8: Thứ Ba (23/12) | L8: TH4 | M8: VĂN | N8: LÝ | O8: TOÁN | P8: SỬ
C9: ="LỚP "&D9&" -" -> LỚP 11AT - | D9: 11AT | E9: NGÀY THI: 22+23/12/2025 | H9: TỐI | I9: Thứ Hai (22/12) | J9: Thứ Ba (23/12) | L9: TH5 | M9: VĂN | N9: KT-PL | O9: TOÁN | P9: SỬ
C10: ="LỚP "&D10&" -" -> LỚP 10AS - | D10: 10AS | E10: NGÀY THI: 23+25/12/2025 | H10: SÁNG | I10: Thứ Ba (23/12) | J10: Thứ Năm (25/12) | L10: TH4 | M10: VĂN | N10: SINH | O10: TOÁN | P10: SỬ
C11: ="LỚP "&D11&" -" -> LỚP 11AS - | D11: 11AS | E11: NGÀY THI: 23+25/12/2025 | H11: SÁNG | I11: Thứ Ba (23/12) | J11: Thứ Năm (25/12)
C12: ="LỚP "&D12&" -" -> LỚP 11VH - | D12: 11VH | E12: NGÀY THI: 23+25/12/2025 | H12: CHIỀU | I12: Thứ Ba (23/12) | J12: Thứ Năm (25/12)
C13: ="LỚP "&D13&" -" -> LỚP 11KT - | D13: 11KT | E13: NGÀY THI: 23+25/12/2025 | H13: CHIỀU | I13: Thứ Ba (23/12) | J13: Thứ Năm (25/12)
A14: Cột 1 | B14: Cột 2 | C14: Cột 3 | D14: Cột 4 | E14: Cột 5 | F14: Cột 6 | G14: Cột 7 | H14: Cột 8 | I14: Cột 9 | J14: Cột 10 | K14: Cột 11 | L14: Cột 12 | M14: Cột 13 | N14: Cột 14 | O14: Cột 15 | P14: Cột 16 | Q14: Cột 17 | R14: Cột 18 | S14: Cột 19 | T14: Cột 20
A15: KH/Phòng | B15: COPPY T.KÊ P.THI | F15: TỰ LÀM | Q15: TỰ LÀM
B16: KHỐI 10AS | C16: 14 phòng | D16: 382
B17: TỔ HỢP 2 (10AS1,2) | D17: 93 | K17: =SUM(K18:K21) -> 93 | L17: =SUM(L18:L21) -> 0 | M17: =VLOOKUP($G18,$L$5:$P$10,M$3,0) -> VĂN | N17: =VLOOKUP($G18,$L$5:$P$10,N$3,0) -> HÓA | O17: =VLOOKUP($G18,$L$5:$P$10,O$3,0) -> TOÁN | P17: =VLOOKUP($G18,$L$5:$P$10,P$3,0) -> SỬ
A18: =IF(F18="","",SUBTOTAL(3,$F$18:F18)) -> 1 | B18: 1 | C18: 1A | D18: 24 | F18: =C18&".S" -> 1A.S | G18: TH2 | H18: 10AS | I18: =VLOOKUP($H18,$D$2:$J$13,6,0) -> Thứ Ba (23/12) | J18: =VLOOKUP($H18,$D$2:$J$13,7,0) -> Thứ Năm (25/12) | K18: =COUNTIF('DS_Tong_12AS-AT-VH'!$B$9:$B$426,F18) -> 24 | L18: =D18-K18 -> 0 | M18: =VLOOKUP($G18,$L$5:$P$9,M$3,0) -> VĂN | N18: =VLOOKUP($G18,$L$5:$P$9,N$3,0) -> HÓA | O18: =VLOOKUP($G18,$L$5:$P$9,O$3,0) -> TOÁN | P18: =VLOOKUP($G18,$L$5:$P$9,P$3,0) -> SỬ | Q18: 100001 | R18: =Q18+K18-1 -> 100024 | S18: TỔ HỢP 2 (10AS1,2) | T18: =VLOOKUP($H18,$D$2:$G$13,2,0) -> NGÀY THI: 23+25/12/2025
A19: =IF(F19="","",SUBTOTAL(3,$F$18:F19)) -> 2 | B19: 2 | C19: 2A | D19: 23 | F19: =C19&".S" -> 2A.S | G19: TH2 | H19: 10AS | I19: =VLOOKUP($H19,$D$2:$J$13,6,0) -> Thứ Ba (23/12) | J19: =VLOOKUP($H19,$D$2:$J$13,7,0) -> Thứ Năm (25/12) | K19: =COUNTIF('DS_Tong_12AS-AT-VH'!$B$9:$B$426,F19) -> 23 | L19: =D19-K19 -> 0 | M19: =VLOOKUP($G19,$L$5:$P$9,M$3,0) -> VĂN | N19: =VLOOKUP($G19,$L$5:$P$9,N$3,0) -> HÓA | O19: =VLOOKUP($G19,$L$5:$P$9,O$3,0) -> TOÁN | P19: =VLOOKUP($G19,$L$5:$P$9,P$3,0) -> SỬ | Q19: =Q18+K18 -> 100025 | R19: =Q19+K19-1 -> 100047 | S19: TỔ HỢP 2 (10AS1,2) | T19: =VLOOKUP($H19,$D$2:$G$13,2,0) -> NGÀY THI: 23+25/12/2025
A20: =IF(F20="","",SUBTOTAL(3,$F$18:F20)) -> 3 | B20: 3 | C20: 3A | D20: 23 | F20: =C20&".S" -> 3A.S | G20: TH2 | H20: 10AS | I20: =VLOOKUP($H20,$D$2:$J$13,6,0) -> Thứ Ba (23/12) | J20: =VLOOKUP($H20,$D$2:$J$13,7,0) -> Thứ Năm (25/12) | K20: =COUNTIF('DS_Tong_12AS-AT-VH'!$B$9:$B$426,F20) -> 23 | L20: =D20-K20 -> 0 | M20: =VLOOKUP($G20,$L$5:$P$9,M$3,0) -> VĂN | N20: =VLOOKUP($G20,$L$5:$P$9,N$3,0) -> HÓA | O20: =VLOOKUP($G20,$L$5:$P$9,O$3,0) -> TOÁN | P20: =VLOOKUP($G20,$L$5:$P$9,P$3,0) -> SỬ | Q20: =Q19+K19 -> 100048 | R20: =Q20+K20-1 -> 100070 | S20: TỔ HỢP 2 (10AS1,2) | T20: =VLOOKUP($H20,$D$2:$G$13,2,0) -> NGÀY THI: 23+25/12/2025
A21: =IF(F21="","",SUBTOTAL(3,$F$18:F21)) -> 4 | B21: 4 | C21: 4A | D21: 23 | F21: =C21&".S" -> 4A.S | G21: TH2 | H21: 10AS | I21: =VLOOKUP($H21,$D$2:$J$13,6,0) -> Thứ Ba (23/12) | J21: =VLOOKUP($H21,$D$2:$J$13,7,0) -> Thứ Năm (25/12) | K21: =COUNTIF('DS_Tong_12AS-AT-VH'!$B$9:$B$426,F21) -> 23 | L21: =D21-K21 -> 0 | M21: =VLOOKUP($G21,$L$5:$P$9,M$3,0) -> VĂN | N21: =VLOOKUP($G21,$L$5:$P$9,N$3,0) -> HÓA | O21: =VLOOKUP($G21,$L$5:$P$9,O$3,0) -> TOÁN | P21: =VLOOKUP($G21,$L$5:$P$9,P$3,0) -> SỬ | Q21: =Q20+K20 -> 100071 | R21: =Q21+K21-1 -> 100093 | S21: TỔ HỢP 2 (10AS1,2) | T21: =VLOOKUP($H21,$D$2:$G$13,2,0) -> NGÀY THI: 23+25/12/2025
A22: {=IF(C22="","",SUBTOTAL(3,$C$18:C22))} | B22: TỔ HỢP 3 (10AS3,4) | D22: 96 | K22: =SUM(K23:K26) -> 95 | L22: =SUM(L23:L26) -> 1 | M22: =VLOOKUP($G23,$L$5:$P$10,M$3,0) -> VĂN | N22: =VLOOKUP($G23,$L$5:$P$10,N$3,0) -> KT-PL | O22: =VLOOKUP($G23,$L$5:$P$10,O$3,0) -> TOÁN | P22: =VLOOKUP($G23,$L$5:$P$10,P$3,0) -> SỬ | T22: =VLOOKUP($H22,$D$2:$G$13,2,0) -> #N/A
A23: =IF(F23="","",SUBTOTAL(3,$F$18:F23)) -> 5 | B23: 1 | C23: 5A | D23: 24 | E23: 01.HN | F23: =C23&".S" -> 5A.S | G23: TH3 | H23: 10AS | I23: =VLOOKUP($H23,$D$2:$J$13,6,0) -> Thứ Ba (23/12) | J23: =VLOOKUP($H23,$D$2:$J$13,7,0) -> Thứ Năm (25/12) | K23: =COUNTIF('DS_Tong_12AS-AT-VH'!$B$9:$B$426,F23) -> 24 | L23: =D23-K23 -> 0 | M23: =VLOOKUP($G23,$L$5:$P$9,M$3,0) -> VĂN | N23: =VLOOKUP($G23,$L$5:$P$9,N$3,0) -> KT-PL | O23: =VLOOKUP($G23,$L$5:$P$9,O$3,0) -> TOÁN | P23: =VLOOKUP($G23,$L$5:$P$9,P$3,0) -> SỬ | Q23: =R21+1 -> 100094 | R23: =Q23+K23-1 -> 100117 | S23: TỔ HỢP 3 (10AS3,4) | T23: =VLOOKUP($H23,$D$2:$G$13,2,0) -> NGÀY THI: 23+25/12/2025
A24: =IF(F24="","",SUBTOTAL(3,$F$18:F24)) -> 6 | B24: 2 | C24: 6A | D24: 24 | F24: =C24&".S" -> 6A.S | G24: TH3 | H24: 10AS | I24: =VLOOKUP($H24,$D$2:$J$13,6,0) -> Thứ Ba (23/12) | J24: =VLOOKUP($H24,$D$2:$J$13,7,0) -> Thứ Năm (25/12) | K24: =COUNTIF('DS_Tong_12AS-AT-VH'!$B$9:$B$426,F24) -> 24 | L24: =D24-K24 -> 0 | M24: =VLOOKUP($G24,$L$5:$P$9,M$3,0) -> VĂN | N24: =VLOOKUP($G24,$L$5:$P$9,N$3,0) -> KT-PL | O24: =VLOOKUP($G24,$L$5:$P$9,O$3,0) -> TOÁN | P24: =VLOOKUP($G24,$L$5:$P$9,P$3,0) -> SỬ | Q24: =Q23+K23 -> 100118 | R24: =Q24+K24-1 -> 100141 | S24: TỔ HỢP 3 (10AS3,4) | T24: =VLOOKUP($H24,$D$2:$G$13,2,0) -> NGÀY THI: 23+25/12/2025
A25: =IF(F25="","",SUBTOTAL(3,$F$18:F25)) -> 7 | B25: 3 | C25: 9A | D25: 24 | F25: =C25&".S" -> 9A.S | G25: TH3 | H25: 10AS | I25: =VLOOKUP($H25,$D$2:$J$13,6,0) -> Thứ Ba (23/12) | J25: =VLOOKUP($H25,$D$2:$J$13,7,0) -> Thứ Năm (25/12) | K25: =COUNTIF('DS_Tong_12AS-AT-VH'!$B$9:$B$426,F25) -> 24 | L25: =D25-K25 -> 0 | M25: =VLOOKUP($G25,$L$5:$P$9,M$3,0) -> VĂN | N25: =VLOOKUP($G25,$L$5:$P$9,N$3,0) -> KT-PL | O25: =VLOOKUP($G25,$L$5:$P$9,O$3,0) -> TOÁN | P25: =VLOOKUP($G25,$L$5:$P$9,P$3,0) -> SỬ | Q25: =Q24+K24 -> 100142 | R25: =Q25+K25-1 -> 100165 | S25: TỔ HỢP 3 (10AS3,4) | T25: =VLOOKUP($H25,$D$2:$G$13,2,0) -> NGÀY THI: 23+25/12/2025
A26: =IF(F26="","",SUBTOTAL(3,$F$18:F26)) -> 8 | B26: 4 | C26: 10A | D26: 24 | F26: =C26&".S" -> 10A.S | G26: TH3 | H26: 10AS | I26: =VLOOKUP($H26,$D$2:$J$13,6,0) -> Thứ Ba (23/12) | J26: =VLOOKUP($H26,$D$2:$J$13,7,0) -> Thứ Năm (25/12) | K26: =COUNTIF('DS_Tong_12AS-AT-VH'!$B$9:$B$426,F26) -> 23 | L26: =D26-K26 -> 1 | M26: =VLOOKUP($G26,$L$5:$P$9,M$3,0) -> VĂN | N26: =VLOOKUP($G26,$L$5:$P$9,N$3,0) -> KT-PL | O26: =VLOOKUP($G26,$L$5:$P$9,O$3,0) -> TOÁN | P26: =VLOOKUP($G26,$L$5:$P$9,P$3,0) -> SỬ | Q26: =Q25+K25 -> 100166 | R26: =Q26+K26-1 -> 100188 | S26: TỔ HỢP 3 (10AS3,4) | T26: =VLOOKUP($H26,$D$2:$G$13,2,0) -> NGÀY THI: 23+25/12/2025
A27: {=IF(C27="","",SUBTOTAL(3,$C$18:C27))} | B27: TỔ HỢP 4 (10AS5,6,7) | D27: 143 | K27: =SUM(K28:K31) -> 96 | L27: =SUM(L28:L31) -> 0 | M27: =VLOOKUP($G28,$L$5:$P$10,M$3,0) -> VĂN | N27: =VLOOKUP($G28,$L$5:$P$10,N$3,0) -> LÝ | O27: =VLOOKUP($G28,$L$5:$P$10,O$3,0) -> TOÁN | P27: =VLOOKUP($G28,$L$5:$P$10,P$3,0) -> SỬ | T27: =VLOOKUP($H27,$D$2:$G$13,2,0) -> #N/A
A28: =IF(F28="","",SUBTOTAL(3,$F$18:F28)) -> 9 | B28: 1 | C28: 11A | D28: 24 | E28: 01.HN | F28: =C28&".S" -> 11A.S | G28: TH4 | H28: 10AS | I28: =VLOOKUP($H28,$D$2:$J$13,6,0) -> Thứ Ba (23/12) | J28: =VLOOKUP($H28,$D$2:$J$13,7,0) -> Thứ Năm (25/12) | K28: =COUNTIF('DS_Tong_12AS-AT-VH'!$B$9:$B$426,F28) -> 24 | L28: =D28-K28 -> 0 | M28: =VLOOKUP($G28,$L$5:$P$9,M$3,0) -> VĂN | N28: =VLOOKUP($G28,$L$5:$P$9,N$3,0) -> LÝ | O28: =VLOOKUP($G28,$L$5:$P$9,O$3,0) -> TOÁN | P28: =VLOOKUP($G28,$L$5:$P$9,P$3,0) -> SỬ | Q28: =R26+1 -> 100189 | R28: =Q28+K28-1 -> 100212 | S28: TỔ HỢP 4 (10AS5,6,7) | T28: =VLOOKUP($H28,$D$2:$G$13,2,0) -> NGÀY THI: 23+25/12/2025
A29: =IF(F29="","",SUBTOTAL(3,$F$18:F29)) -> 10 | B29: 2 | C29: 12A | D29: 24 | F29: =C29&".S" -> 12A.S | G29: TH4 | H29: 10AS | I29: =VLOOKUP($H29,$D$2:$J$13,6,0) -> Thứ Ba (23/12) | J29: =VLOOKUP($H29,$D$2:$J$13,7,0) -> Thứ Năm (25/12) | K29: =COUNTIF('DS_Tong_12AS-AT-VH'!$B$9:$B$426,F29) -> 24 | L29: =D29-K29 -> 0 | M29: =VLOOKUP($G29,$L$5:$P$9,M$3,0) -> VĂN | N29: =VLOOKUP($G29,$L$5:$P$9,N$3,0) -> LÝ | O29: =VLOOKUP($G29,$L$5:$P$9,O$3,0) -> TOÁN | P29: =VLOOKUP($G29,$L$5:$P$9,P$3,0) -> SỬ | Q29: =Q28+K28 -> 100213 | R29: =Q29+K29-1 -> 100236 | S29: TỔ HỢP 4 (10AS5,6,7) | T29: =VLOOKUP($H29,$D$2:$G$13,2,0) -> NGÀY THI: 23+25/12/2025
A30: =IF(F30="","",SUBTOTAL(3,$F$18:F30)) -> 11 | B30: 3 | C30: 13A | D30: 24 | F30: =C30&".S" -> 13A.S | G30: TH4 | H30: 10AS | I30: =VLOOKUP($H30,$D$2:$J$13,6,0) -> Thứ Ba (23/12) | J30: =VLOOKUP($H30,$D$2:$J$13,7,0) -> Thứ Năm (25/12) | K30: =COUNTIF('DS_Tong_12AS-AT-VH'!$B$9:$B$426,F30) -> 24 | L30: =D30-K30 -> 0 | M30: =VLOOKUP($G30,$L$5:$P$9,M$3,0) -> VĂN | N30: =VLOOKUP($G30,$L$5:$P$9,N$3,0) -> LÝ | O30: =VLOOKUP($G30,$L$5:$P$9,O$3,0) -> TOÁN | P30: =VLOOKUP($G30,$L$5:$P$9,P$3,0) -> SỬ | Q30: =Q29+K29 -> 100237 | R30: =Q30+K30-1 -> 100260 | S30: TỔ HỢP 4 (10AS5,6,7) | T30: =VLOOKUP($H30,$D$2:$G$13,2,0) -> NGÀY THI: 23+25/12/2025
A31: =IF(F31="","",SUBTOTAL(3,$F$18:F31)) -> 12 | B31: 4 | C31: 14A | D31: 24 | F31: =C31&".S" -> 14A.S | G31: TH4 | H31: 10AS | I31: =VLOOKUP($H31,$D$2:$J$13,6,0) -> Thứ Ba (23/12) | J31: =VLOOKUP($H31,$D$2:$J$13,7,0) -> Thứ Năm (25/12) | K31: =COUNTIF('DS_Tong_12AS-AT-VH'!$B$9:$B$426,F31) -> 24 | L31: =D31-K31 -> 0 | M31: =VLOOKUP($G31,$L$5:$P$9,M$3,0) -> VĂN | N31: =VLOOKUP($G31,$L$5:$P$9,N$3,0) -> LÝ | O31: =VLOOKUP($G31,$L$5:$P$9,O$3,0) -> TOÁN | P31: =VLOOKUP($G31,$L$5:$P$9,P$3,0) -> SỬ | Q31: =Q30+K30 -> 100261 | R31: =Q31+K31-1 -> 100284 | S31: TỔ HỢP 4 (10AS5,6,7) | T31: =VLOOKUP($H31,$D$2:$G$13,2,0) -> NGÀY THI: 23+25/12/2025
A32: =IF(F32="","",SUBTOTAL(3,$F$18:F32)) -> 13 | B32: 5 | C32: 2B | D32: 24 | F32: =C32&".S" -> 2B.S | G32: TH4 | H32: 10AS | I32: =VLOOKUP($H32,$D$2:$J$13,6,0) -> Thứ Ba (23/12) | J32: =VLOOKUP($H32,$D$2:$J$13,7,0) -> Thứ Năm (25/12) | K32: =COUNTIF('DS_Tong_12AS-AT-VH'!$B$9:$B$426,F32) -> 24 | L32: =D32-K32 -> 0 | M32: =VLOOKUP($G32,$L$5:$P$9,M$3,0) -> VĂN | N32: =VLOOKUP($G32,$L$5:$P$9,N$3,0) -> LÝ | O32: =VLOOKUP($G32,$L$5:$P$9,O$3,0) -> TOÁN | P32: =VLOOKUP($G32,$L$5:$P$9,P$3,0) -> SỬ | Q32: =Q31+K31 -> 100285 | R32: =Q32+K32-1 -> 100308 | S32: TỔ HỢP 4 (10AS5,6,7) | T32: =VLOOKUP($H32,$D$2:$G$13,2,0) -> NGÀY THI: 23+25/12/2025
A33: =IF(F33="","",SUBTOTAL(3,$F$18:F33)) -> 14 | B33: 6 | C33: 3B | D33: 23 | F33: =C33&".S" -> 3B.S | G33: TH4 | H33: 10AS | I33: =VLOOKUP($H33,$D$2:$J$13,6,0) -> Thứ Ba (23/12) | J33: =VLOOKUP($H33,$D$2:$J$13,7,0) -> Thứ Năm (25/12) | K33: =COUNTIF('DS_Tong_12AS-AT-VH'!$B$9:$B$426,F33) -> 23 | L33: =D33-K33 -> 0 | M33: =VLOOKUP($G33,$L$5:$P$9,M$3,0) -> VĂN | N33: =VLOOKUP($G33,$L$5:$P$9,N$3,0) -> LÝ | O33: =VLOOKUP($G33,$L$5:$P$9,O$3,0) -> TOÁN | P33: =VLOOKUP($G33,$L$5:$P$9,P$3,0) -> SỬ | Q33: =Q32+K32 -> 100309 | R33: =Q33+K33-1 -> 100331 | S33: TỔ HỢP 4 (10AS5,6,7) | T33: =VLOOKUP($H33,$D$2:$G$13,2,0) -> NGÀY THI: 23+25/12/2025
B34: KHỐI 10AT | C34: 3 phòng | D34: 87 | T34: =VLOOKUP($H34,$D$2:$G$13,2,0) -> #N/A
B35: TỔ HỢP 4 (10AT1,2) | D35: 87 | M35: =VLOOKUP($G36,$L$5:$P$10,M$3,0) -> VĂN | N35: =VLOOKUP($G36,$L$5:$P$10,N$3,0) -> LÝ | O35: =VLOOKUP($G36,$L$5:$P$10,O$3,0) -> TOÁN | P35: =VLOOKUP($G36,$L$5:$P$10,P$3,0) -> SỬ | T35: =VLOOKUP($H35,$D$2:$G$13,2,0) -> #N/A
A36: =IF(F36="","",SUBTOTAL(3,$F$18:F36)) -> 15 | B36: 1 | C36: 7B | D36: 29 | F36: =C36&".T" -> 7B.T | G36: TH4 | H36: 10AT | I36: =VLOOKUP($H36,$D$2:$J$13,6,0) -> Thứ Hai (22/12) | J36: =VLOOKUP($H36,$D$2:$J$13,7,0) -> Thứ Ba (23/12) | K36: =COUNTIF('DS_Tong_12AS-AT-VH'!$B$9:$B$426,F36) -> 29 | L36: =D36-K36 -> 0 | M36: =VLOOKUP($G36,$L$5:$P$9,M$3,0) -> VĂN | N36: =VLOOKUP($G36,$L$5:$P$9,N$3,0) -> LÝ | O36: =VLOOKUP($G36,$L$5:$P$9,O$3,0) -> TOÁN | P36: =VLOOKUP($G36,$L$5:$P$9,P$3,0) -> SỬ | Q36: =R33+1 -> 100332 | R36: =Q36+K36-1 -> 100360 | S36: TỔ HỢP 4 (10AT1,2) | T36: =VLOOKUP($H36,$D$2:$G$13,2,0) -> NGÀY THI: 22+23/12/2025
A37: =IF(F37="","",SUBTOTAL(3,$F$18:F37)) -> 16 | B37: 2 | C37: 8B | D37: 29 | F37: =C37&".T" -> 8B.T | G37: TH4 | H37: 10AT | I37: =VLOOKUP($H37,$D$2:$J$13,6,0) -> Thứ Hai (22/12) | J37: =VLOOKUP($H37,$D$2:$J$13,7,0) -> Thứ Ba (23/12) | K37: =COUNTIF('DS_Tong_12AS-AT-VH'!$B$9:$B$426,F37) -> 29 | L37: =D37-K37 -> 0 | M37: =VLOOKUP($G37,$L$5:$P$9,M$3,0) -> VĂN | N37: =VLOOKUP($G37,$L$5:$P$9,N$3,0) -> LÝ | O37: =VLOOKUP($G37,$L$5:$P$9,O$3,0) -> TOÁN | P37: =VLOOKUP($G37,$L$5:$P$9,P$3,0) -> SỬ | Q37: =Q36+K36 -> 100361 | R37: =Q37+K37-1 -> 100389 | S37: TỔ HỢP 4 (10AT1,2) | T37: =VLOOKUP($H37,$D$2:$G$13,2,0) -> NGÀY THI: 22+23/12/2025
A38: =IF(F38="","",SUBTOTAL(3,$F$18:F38)) -> 17 | B38: 3 | C38: 9B | D38: 29 | F38: =C38&".T" -> 9B.T | G38: TH4 | H38: 10AT | I38: =VLOOKUP($H38,$D$2:$J$13,6,0) -> Thứ Hai (22/12) | J38: =VLOOKUP($H38,$D$2:$J$13,7,0) -> Thứ Ba (23/12) | K38: =COUNTIF('DS_Tong_12AS-AT-VH'!$B$9:$B$426,F38) -> 29 | L38: =D38-K38 -> 0 | M38: =VLOOKUP($G38,$L$5:$P$9,M$3,0) -> VĂN | N38: =VLOOKUP($G38,$L$5:$P$9,N$3,0) -> LÝ | O38: =VLOOKUP($G38,$L$5:$P$9,O$3,0) -> TOÁN | P38: =VLOOKUP($G38,$L$5:$P$9,P$3,0) -> SỬ | Q38: =Q37+K37 -> 100390 | R38: =Q38+K38-1 -> 100418 | S38: TỔ HỢP 4 (10AT1,2) | T38: =VLOOKUP($H38,$D$2:$G$13,2,0) -> NGÀY THI: 22+23/12/2025
B39: KHỐI 11AS | C39: 5 phòng | D39: 142 | T39: =VLOOKUP($H39,$D$2:$G$13,2,0) -> #N/A
B40: TỔ HỢP 4 (11AS1,2,3) | D40: 142 | M40: =VLOOKUP($G41,$L$5:$P$10,M$3,0) -> VĂN | N40: SINH | O40: =VLOOKUP($G41,$L$5:$P$10,O$3,0) -> TOÁN | P40: =VLOOKUP($G41,$L$5:$P$10,P$3,0) -> SỬ | T40: =VLOOKUP($H40,$D$2:$G$13,2,0) -> #N/A
A41: =IF(F41="","",SUBTOTAL(3,$F$18:F41)) -> 18 | B41: 1 | C41: 4B | D41: 29 | F41: =C41&".S" -> 4B.S | G41: TH4 | H41: 11AS | I41: =VLOOKUP($H41,$D$2:$J$13,6,0) -> Thứ Ba (23/12) | J41: =VLOOKUP($H41,$D$2:$J$13,7,0) -> Thứ Năm (25/12) | K41: =COUNTIF('DS_Tong_12AS-AT-VH'!$B$427:$B$945,F41) -> 29 | L41: =D41-K41 -> 0 | M41: =M$40 -> VĂN | N41: =N40 -> SINH | O41: =O$40 -> TOÁN | P41: =P$40 -> SỬ | Q41: =R38+1 -> 100419 | R41: =Q41+K41-1 -> 100447 | S41: TỔ HỢP 4 (11AS1,2,3) | T41: =VLOOKUP($H41,$D$2:$G$13,2,0) -> NGÀY THI: 23+25/12/2025
A42: =IF(F42="","",SUBTOTAL(3,$F$18:F42)) -> 19 | B42: 2 | C42: 5B | D42: 29 | F42: =C42&".S" -> 5B.S | G42: TH4 | H42: 11AS | I42: =VLOOKUP($H42,$D$2:$J$13,6,0) -> Thứ Ba (23/12) | J42: =VLOOKUP($H42,$D$2:$J$13,7,0) -> Thứ Năm (25/12) | K42: =COUNTIF('DS_Tong_12AS-AT-VH'!$B$427:$B$945,F42) -> 29 | L42: =D42-K42 -> 0 | M42: =M$40 -> VĂN | N42: =N41 -> SINH | O42: =O$40 -> TOÁN | P42: =P$40 -> SỬ | Q42: =Q41+K41 -> 100448 | R42: =Q42+K42-1 -> 100476 | S42: TỔ HỢP 4 (11AS1,2,3) | T42: =VLOOKUP($H42,$D$2:$G$13,2,0) -> NGÀY THI: 23+25/12/2025
A43: =IF(F43="","",SUBTOTAL(3,$F$18:F43)) -> 20 | B43: 3 | C43: 6B | D43: 28 | F43: =C43&".S" -> 6B.S | G43: TH4 | H43: 11AS | I43: =VLOOKUP($H43,$D$2:$J$13,6,0) -> Thứ Ba (23/12) | J43: =VLOOKUP($H43,$D$2:$J$13,7,0) -> Thứ Năm (25/12) | K43: =COUNTIF('DS_Tong_12AS-AT-VH'!$B$427:$B$945,F43) -> 28 | L43: =D43-K43 -> 0 | M43: =M$40 -> VĂN | N43: =N42 -> SINH | O43: =O$40 -> TOÁN | P43: =P$40 -> SỬ | Q43: =Q42+K42 -> 100477 | R43: =Q43+K43-1 -> 100504 | S43: TỔ HỢP 4 (11AS1,2,3) | T43: =VLOOKUP($H43,$D$2:$G$13,2,0) -> NGÀY THI: 23+25/12/2025
A44: =IF(F44="","",SUBTOTAL(3,$F$18:F44)) -> 21 | B44: 4 | C44: 7B | D44: 28 | F44: =C44&".S" -> 7B.S | G44: TH4 | H44: 11AS | I44: =VLOOKUP($H44,$D$2:$J$13,6,0) -> Thứ Ba (23/12) | J44: =VLOOKUP($H44,$D$2:$J$13,7,0) -> Thứ Năm (25/12) | K44: =COUNTIF('DS_Tong_12AS-AT-VH'!$B$427:$B$945,F44) -> 28 | L44: =D44-K44 -> 0 | M44: =M$40 -> VĂN | N44: =N43 -> SINH | O44: =O$40 -> TOÁN | P44: =P$40 -> SỬ | Q44: =Q43+K43 -> 100505 | R44: =Q44+K44-1 -> 100532 | S44: TỔ HỢP 4 (11AS1,2,3) | T44: =VLOOKUP($H44,$D$2:$G$13,2,0) -> NGÀY THI: 23+25/12/2025
A45: =IF(F45="","",SUBTOTAL(3,$F$18:F45)) -> 22 | B45: 5 | C45: 8B | D45: 28 | F45: =C45&".S" -> 8B.S | G45: TH4 | H45: 11AS | I45: =VLOOKUP($H45,$D$2:$J$13,6,0) -> Thứ Ba (23/12) | J45: =VLOOKUP($H45,$D$2:$J$13,7,0) -> Thứ Năm (25/12) | K45: =COUNTIF('DS_Tong_12AS-AT-VH'!$B$427:$B$945,F45) -> 28 | L45: =D45-K45 -> 0 | M45: =M$40 -> VĂN | N45: =N44 -> SINH | O45: =O$40 -> TOÁN | P45: =P$40 -> SỬ | Q45: =Q44+K44 -> 100533 | R45: =Q45+K45-1 -> 100560 | S45: TỔ HỢP 4 (11AS1,2,3) | T45: =VLOOKUP($H45,$D$2:$G$13,2,0) -> NGÀY THI: 23+25/12/2025
B46: KHỐI 11AT | C46: 13 phòng | D46: 379 | T46: =VLOOKUP($H46,$D$2:$G$13,2,0) -> #N/A
B47: TỔ HỢP 1 (11AT1,2) | D47: 100 | M47: =VLOOKUP($G48,$L$5:$P$10,M$3,0) -> VĂN | N47: =VLOOKUP($G48,$L$5:$P$10,N$3,0) -> LÝ | O47: =VLOOKUP($G48,$L$5:$P$10,O$3,0) -> TOÁN | P47: =VLOOKUP($G48,$L$5:$P$10,P$3,0) -> SỬ | T47: =VLOOKUP($H47,$D$2:$G$13,2,0) -> #N/A
A48: =IF(F48="","",SUBTOTAL(3,$F$18:F48)) -> 23 | B48: 1 | C48: 1A | D48: 25 | F48: =C48&".T" -> 1A.T | G48: TH1 | H48: 11AT | I48: =VLOOKUP($H48,$D$2:$J$13,6,0) -> Thứ Hai (22/12) | J48: =VLOOKUP($H48,$D$2:$J$13,7,0) -> Thứ Ba (23/12) | K48: =COUNTIF('DS_Tong_12AS-AT-VH'!$B$427:$B$945,F48) -> 25 | L48: =D48-K48 -> 0 | M48: =VLOOKUP($G48,$L$5:$P$9,M$3,0) -> VĂN | N48: =VLOOKUP($G48,$L$5:$P$9,N$3,0) -> LÝ | O48: =VLOOKUP($G48,$L$5:$P$9,O$3,0) -> TOÁN | P48: =VLOOKUP($G48,$L$5:$P$9,P$3,0) -> SỬ | Q48: =R45+1 -> 100561 | R48: =Q48+K48-1 -> 100585 | S48: TỔ HỢP 1 (11AT1,2) | T48: =VLOOKUP($H48,$D$2:$G$13,2,0) -> NGÀY THI: 22+23/12/2025
A49: =IF(F49="","",SUBTOTAL(3,$F$18:F49)) -> 24 | B49: 2 | C49: 2A | D49: 25 | F49: =C49&".T" -> 2A.T | G49: TH1 | H49: 11AT | I49: =VLOOKUP($H49,$D$2:$J$13,6,0) -> Thứ Hai (22/12) | J49: =VLOOKUP($H49,$D$2:$J$13,7,0) -> Thứ Ba (23/12) | K49: =COUNTIF('DS_Tong_12AS-AT-VH'!$B$427:$B$945,F49) -> 25 | L49: =D49-K49 -> 0 | M49: =VLOOKUP($G49,$L$5:$P$9,M$3,0) -> VĂN | N49: =VLOOKUP($G49,$L$5:$P$9,N$3,0) -> LÝ | O49: =VLOOKUP($G49,$L$5:$P$9,O$3,0) -> TOÁN | P49: =VLOOKUP($G49,$L$5:$P$9,P$3,0) -> SỬ | Q49: =Q48+K48 -> 100586 | R49: =Q49+K49-1 -> 100610 | S49: TỔ HỢP 1 (11AT1,2) | T49: =VLOOKUP($H49,$D$2:$G$13,2,0) -> NGÀY THI: 22+23/12/2025
A50: =IF(F50="","",SUBTOTAL(3,$F$18:F50)) -> 25 | B50: 3 | C50: 3A | D50: 25 | F50: =C50&".T" -> 3A.T | G50: TH1 | H50: 11AT | I50: =VLOOKUP($H50,$D$2:$J$13,6,0) -> Thứ Hai (22/12) | J50: =VLOOKUP($H50,$D$2:$J$13,7,0) -> Thứ Ba (23/12) | K50: =COUNTIF('DS_Tong_12AS-AT-VH'!$B$427:$B$945,F50) -> 25 | L50: =D50-K50 -> 0 | M50: =VLOOKUP($G50,$L$5:$P$9,M$3,0) -> VĂN | N50: =VLOOKUP($G50,$L$5:$P$9,N$3,0) -> LÝ | O50: =VLOOKUP($G50,$L$5:$P$9,O$3,0) -> TOÁN | P50: =VLOOKUP($G50,$L$5:$P$9,P$3,0) -> SỬ | Q50: =Q49+K49 -> 100611 | R50: =Q50+K50-1 -> 100635 | S50: TỔ HỢP 1 (11AT1,2) | T50: =VLOOKUP($H50,$D$2:$G$13,2,0) -> NGÀY THI: 22+23/12/2025
A51: =IF(F51="","",SUBTOTAL(3,$F$18:F51)) -> 26 | B51: 4 | C51: 4A | D51: 25 | F51: =C51&".T" -> 4A.T | G51: TH1 | H51: 11AT | I51: =VLOOKUP($H51,$D$2:$J$13,6,0) -> Thứ Hai (22/12) | J51: =VLOOKUP($H51,$D$2:$J$13,7,0) -> Thứ Ba (23/12) | K51: =COUNTIF('DS_Tong_12AS-AT-VH'!$B$427:$B$945,F51) -> 24 | L51: =D51-K51 -> 1 | M51: =VLOOKUP($G51,$L$5:$P$9,M$3,0) -> VĂN | N51: =VLOOKUP($G51,$L$5:$P$9,N$3,0) -> LÝ | O51: =VLOOKUP($G51,$L$5:$P$9,O$3,0) -> TOÁN | P51: =VLOOKUP($G51,$L$5:$P$9,P$3,0) -> SỬ | Q51: =Q50+K50 -> 100636 | R51: =Q51+K51-1 -> 100659 | S51: TỔ HỢP 1 (11AT1,2) | T51: =VLOOKUP($H51,$D$2:$G$13,2,0) -> NGÀY THI: 22+23/12/2025
B52: TỔ HỢP 2 (11AT3,4) | D52: 91 | M52: =VLOOKUP($G53,$L$5:$P$10,M$3,0) -> VĂN | N52: =VLOOKUP($G53,$L$5:$P$10,N$3,0) -> HÓA | O52: =VLOOKUP($G53,$L$5:$P$10,O$3,0) -> TOÁN | P52: =VLOOKUP($G53,$L$5:$P$10,P$3,0) -> SỬ | T52: =VLOOKUP($H52,$D$2:$G$13,2,0) -> #N/A
A53: =IF(F53="","",SUBTOTAL(3,$F$18:F53)) -> 27 | B53: 1 | C53: 5A | D53: 31 | F53: =C53&".T" -> 5A.T | G53: TH2 | H53: 11AT | I53: =VLOOKUP($H53,$D$2:$J$13,6,0) -> Thứ Hai (22/12) | J53: =VLOOKUP($H53,$D$2:$J$13,7,0) -> Thứ Ba (23/12) | K53: =COUNTIF('DS_Tong_12AS-AT-VH'!$B$427:$B$945,F53) -> 31 | L53: =D53-K53 -> 0 | M53: =VLOOKUP($G53,$L$5:$P$9,M$3,0) -> VĂN | N53: =VLOOKUP($G53,$L$5:$P$9,N$3,0) -> HÓA | O53: =VLOOKUP($G53,$L$5:$P$9,O$3,0) -> TOÁN | P53: =VLOOKUP($G53,$L$5:$P$9,P$3,0) -> SỬ | Q53: =R51+1 -> 100660 | R53: =Q53+K53-1 -> 100690 | S53: TỔ HỢP 2 (11AT3,4) | T53: =VLOOKUP($H53,$D$2:$G$13,2,0) -> NGÀY THI: 22+23/12/2025
A54: =IF(F54="","",SUBTOTAL(3,$F$18:F54)) -> 28 | B54: 2 | C54: 6A | D54: 30 | F54: =C54&".T" -> 6A.T | G54: TH2 | H54: 11AT | I54: =VLOOKUP($H54,$D$2:$J$13,6,0) -> Thứ Hai (22/12) | J54: =VLOOKUP($H54,$D$2:$J$13,7,0) -> Thứ Ba (23/12) | K54: =COUNTIF('DS_Tong_12AS-AT-VH'!$B$427:$B$945,F54) -> 30 | L54: =D54-K54 -> 0 | M54: =VLOOKUP($G54,$L$5:$P$9,M$3,0) -> VĂN | N54: =VLOOKUP($G54,$L$5:$P$9,N$3,0) -> HÓA | O54: =VLOOKUP($G54,$L$5:$P$9,O$3,0) -> TOÁN | P54: =VLOOKUP($G54,$L$5:$P$9,P$3,0) -> SỬ | Q54: =Q53+K53 -> 100691 | R54: =Q54+K54-1 -> 100720 | S54: TỔ HỢP 2 (11AT3,4) | T54: =VLOOKUP($H54,$D$2:$G$13,2,0) -> NGÀY THI: 22+23/12/2025
A55: =IF(F55="","",SUBTOTAL(3,$F$18:F55)) -> 29 | B55: 3 | C55: 7A | D55: 30 | F55: =C55&".T" -> 7A.T | G55: TH2 | H55: 11AT | I55: =VLOOKUP($H55,$D$2:$J$13,6,0) -> Thứ Hai (22/12) | J55: =VLOOKUP($H55,$D$2:$J$13,7,0) -> Thứ Ba (23/12) | K55: =COUNTIF('DS_Tong_12AS-AT-VH'!$B$427:$B$945,F55) -> 30 | L55: =D55-K55 -> 0 | M55: =VLOOKUP($G55,$L$5:$P$9,M$3,0) -> VĂN | N55: =VLOOKUP($G55,$L$5:$P$9,N$3,0) -> HÓA | O55: =VLOOKUP($G55,$L$5:$P$9,O$3,0) -> TOÁN | P55: =VLOOKUP($G55,$L$5:$P$9,P$3,0) -> SỬ | Q55: =Q54+K54 -> 100721 | R55: =Q55+K55-1 -> 100750 | S55: TỔ HỢP 2 (11AT3,4) | T55: =VLOOKUP($H55,$D$2:$G$13,2,0) -> NGÀY THI: 22+23/12/2025
A56: =IF(F56="","",SUBTOTAL(3,$F$18:F56)) | B56: TỔ HỢP 3 (11AT5,6) | D56: =SUM(D57:D59) -> 95 | M56: =VLOOKUP($G57,$L$5:$P$10,M$3,0) -> VĂN | N56: =VLOOKUP($G57,$L$5:$P$10,N$3,0) -> KT-PL | O56: =VLOOKUP($G57,$L$5:$P$10,O$3,0) -> TOÁN | P56: =VLOOKUP($G57,$L$5:$P$10,P$3,0) -> SỬ | T56: =VLOOKUP($H56,$D$2:$G$13,2,0) -> #N/A
A57: =IF(F57="","",SUBTOTAL(3,$F$18:F57)) -> 30 | B57: 1 | C57: 9A | D57: 32 | F57: =C57&".T" -> 9A.T | G57: TH3 | H57: 11AT | I57: =VLOOKUP($H57,$D$2:$J$13,6,0) -> Thứ Hai (22/12) | J57: =VLOOKUP($H57,$D$2:$J$13,7,0) -> Thứ Ba (23/12) | K57: =COUNTIF('DS_Tong_12AS-AT-VH'!$B$427:$B$945,F57) -> 32 | L57: =D57-K57 -> 0 | M57: =VLOOKUP($G57,$L$5:$P$9,M$3,0) -> VĂN | N57: =VLOOKUP($G57,$L$5:$P$9,N$3,0) -> KT-PL | O57: =VLOOKUP($G57,$L$5:$P$9,O$3,0) -> TOÁN | P57: =VLOOKUP($G57,$L$5:$P$9,P$3,0) -> SỬ | Q57: =R55+1 -> 100751 | R57: =Q57+K57-1 -> 100782 | S57: TỔ HỢP 3 (11AT5,6) | T57: =VLOOKUP($H57,$D$2:$G$13,2,0) -> NGÀY THI: 22+23/12/2025
A58: =IF(F58="","",SUBTOTAL(3,$F$18:F58)) -> 31 | B58: 2 | C58: 10A | D58: 32 | F58: =C58&".T" -> 10A.T | G58: TH3 | H58: 11AT | I58: =VLOOKUP($H58,$D$2:$J$13,6,0) -> Thứ Hai (22/12) | J58: =VLOOKUP($H58,$D$2:$J$13,7,0) -> Thứ Ba (23/12) | K58: =COUNTIF('DS_Tong_12AS-AT-VH'!$B$427:$B$945,F58) -> 31 | L58: =D58-K58 -> 1 | M58: =VLOOKUP($G58,$L$5:$P$9,M$3,0) -> VĂN | N58: =VLOOKUP($G58,$L$5:$P$9,N$3,0) -> KT-PL | O58: =VLOOKUP($G58,$L$5:$P$9,O$3,0) -> TOÁN | P58: =VLOOKUP($G58,$L$5:$P$9,P$3,0) -> SỬ | Q58: =Q57+K57 -> 100783 | R58: =Q58+K58-1 -> 100813 | S58: TỔ HỢP 3 (11AT5,6) | T58: =VLOOKUP($H58,$D$2:$G$13,2,0) -> NGÀY THI: 22+23/12/2025
A59: =IF(F59="","",SUBTOTAL(3,$F$18:F59)) -> 32 | B59: 3 | C59: 11A | D59: 31 | F59: =C59&".T" -> 11A.T | G59: TH3 | H59: 11AT | I59: =VLOOKUP($H59,$D$2:$J$13,6,0) -> Thứ Hai (22/12) | J59: =VLOOKUP($H59,$D$2:$J$13,7,0) -> Thứ Ba (23/12) | K59: =COUNTIF('DS_Tong_12AS-AT-VH'!$B$427:$B$945,F59) -> 31 | L59: =D59-K59 -> 0 | M59: =VLOOKUP($G59,$L$5:$P$9,M$3,0) -> VĂN | N59: =VLOOKUP($G59,$L$5:$P$9,N$3,0) -> KT-PL | O59: =VLOOKUP($G59,$L$5:$P$9,O$3,0) -> TOÁN | P59: =VLOOKUP($G59,$L$5:$P$9,P$3,0) -> SỬ | Q59: =Q58+K58 -> 100814 | R59: =Q59+K59-1 -> 100844 | S59: TỔ HỢP 3 (11AT5,6) | T59: =VLOOKUP($H59,$D$2:$G$13,2,0) -> NGÀY THI: 22+23/12/2025
A60: =IF(F60="","",SUBTOTAL(3,$F$18:F60)) | B60: TỔ HỢP 5 (11AT7,8) | D60: =SUM(D61:D63) -> 93 | M60: =VLOOKUP($G61,$L$5:$P$10,M$3,0) -> VĂN | N60: =VLOOKUP($G61,$L$5:$P$10,N$3,0) -> KT-PL | O60: =VLOOKUP($G61,$L$5:$P$10,O$3,0) -> TOÁN | P60: =VLOOKUP($G61,$L$5:$P$10,P$3,0) -> SỬ | T60: =VLOOKUP($H60,$D$2:$G$13,2,0) -> #N/A
A61: =IF(F61="","",SUBTOTAL(3,$F$18:F61)) -> 33 | B61: 1 | C61: 12A | D61: 31 | F61: =C61&".T" -> 12A.T | G61: TH3 | H61: 11AT | I61: =VLOOKUP($H61,$D$2:$J$13,6,0) -> Thứ Hai (22/12) | J61: =VLOOKUP($H61,$D$2:$J$13,7,0) -> Thứ Ba (23/12) | K61: =COUNTIF('DS_Tong_12AS-AT-VH'!$B$427:$B$945,F61) -> 31 | L61: =D61-K61 -> 0 | M61: =VLOOKUP($G61,$L$5:$P$9,M$3,0) -> VĂN | N61: =VLOOKUP($G61,$L$5:$P$9,N$3,0) -> KT-PL | O61: =VLOOKUP($G61,$L$5:$P$9,O$3,0) -> TOÁN | P61: =VLOOKUP($G61,$L$5:$P$9,P$3,0) -> SỬ | Q61: =R59+1 -> 100845 | R61: =Q61+K61-1 -> 100875 | S61: TỔ HỢP 5 (11AT7,8) | T61: =VLOOKUP($H61,$D$2:$G$13,2,0) -> NGÀY THI: 22+23/12/2025
A62: =IF(F62="","",SUBTOTAL(3,$F$18:F62)) -> 34 | B62: 2 | C62: 13A | D62: 31 | F62: =C62&".T" -> 13A.T | G62: TH3 | H62: 11AT | I62: =VLOOKUP($H62,$D$2:$J$13,6,0) -> Thứ Hai (22/12) | J62: =VLOOKUP($H62,$D$2:$J$13,7,0) -> Thứ Ba (23/12) | K62: =COUNTIF('DS_Tong_12AS-AT-VH'!$B$427:$B$945,F62) -> 31 | L62: =D62-K62 -> 0 | M62: =VLOOKUP($G62,$L$5:$P$9,M$3,0) -> VĂN | N62: =VLOOKUP($G62,$L$5:$P$9,N$3,0) -> KT-PL | O62: =VLOOKUP($G62,$L$5:$P$9,O$3,0) -> TOÁN | P62: =VLOOKUP($G62,$L$5:$P$9,P$3,0) -> SỬ | Q62: =Q61+K61 -> 100876 | R62: =Q62+K62-1 -> 100906 | S62: TỔ HỢP 5 (11AT7,8) | T62: =VLOOKUP($H62,$D$2:$G$13,2,0) -> NGÀY THI: 22+23/12/2025
A63: =IF(F63="","",SUBTOTAL(3,$F$18:F63)) -> 35 | B63: 3 | C63: 14A | D63: 31 | F63: =C63&".T" -> 14A.T | G63: TH3 | H63: 11AT | I63: =VLOOKUP($H63,$D$2:$J$13,6,0) -> Thứ Hai (22/12) | J63: =VLOOKUP($H63,$D$2:$J$13,7,0) -> Thứ Ba (23/12) | K63: =COUNTIF('DS_Tong_12AS-AT-VH'!$B$427:$B$945,F63) -> 31 | L63: =D63-K63 -> 0 | M63: =VLOOKUP($G63,$L$5:$P$9,M$3,0) -> VĂN | N63: =VLOOKUP($G63,$L$5:$P$9,N$3,0) -> KT-PL | O63: =VLOOKUP($G63,$L$5:$P$9,O$3,0) -> TOÁN | P63: =VLOOKUP($G63,$L$5:$P$9,P$3,0) -> SỬ | Q63: =Q62+K62 -> 100907 | R63: =Q63+K63-1 -> 100937 | S63: TỔ HỢP 5 (11AT7,8) | T63: =VLOOKUP($H63,$D$2:$G$13,2,0) -> NGÀY THI: 22+23/12/2025
A64: =IF(F64="","",SUBTOTAL(3,$F$18:F64)) | B64: KHỐI 12AS | C64: 21 phòng | D64: 562 | T64: =VLOOKUP($H64,$D$2:$G$13,2,0) -> #N/A
A65: =IF(F65="","",SUBTOTAL(3,$F$18:F65)) | B65: TỔ HỢP 1 (12AS1,2,3) | D65: 125 | K65: =SUM(K66:K70) -> 124 | L65: =SUM(L66:L70) -> 1 | M65: =VLOOKUP($G66,$L$5:$P$10,M$3,0) -> VĂN | N65: =VLOOKUP($G66,$L$5:$P$10,N$3,0) -> LÝ | O65: =VLOOKUP($G66,$L$5:$P$10,O$3,0) -> TOÁN | P65: =VLOOKUP($G66,$L$5:$P$10,P$3,0) -> SỬ | T65: =VLOOKUP($H65,$D$2:$G$13,2,0) -> #N/A
A66: =IF(F66="","",SUBTOTAL(3,$F$18:F66)) -> 36 | B66: 1 | C66: 1A | D66: 25 | F66: =C66&".S2" -> 1A.S2 | G66: TH1 | H66: 12AS | I66: =VLOOKUP($H66,$D$2:$J$13,6,0) -> Thứ Hai (22/12) | J66: =VLOOKUP($H66,$D$2:$J$13,7,0) -> Thứ Tư (24/12) | K66: =COUNTIF('DS_Tong_12AS-AT-VH'!$B$946:$B$1653,F66) -> 25 | L66: =D66-K66 -> 0 | M66: =VLOOKUP($G66,$L$5:$P$9,M$3,0) -> VĂN | N66: =VLOOKUP($G66,$L$5:$P$9,N$3,0) -> LÝ | O66: =VLOOKUP($G66,$L$5:$P$9,O$3,0) -> TOÁN | P66: =VLOOKUP($G66,$L$5:$P$9,P$3,0) -> SỬ | Q66: =R63+1 -> 100938 | R66: =Q66+K66-1 -> 100962 | S66: TỔ HỢP 1 (12AS1,2,3) | T66: =VLOOKUP($H66,$D$2:$G$13,2,0) -> NGÀY THI: 22+24/12/2025
A67: =IF(F67="","",SUBTOTAL(3,$F$18:F67)) -> 37 | B67: 2 | C67: 2A | D67: 25 | F67: =C67&".S2" -> 2A.S2 | G67: TH1 | H67: 12AS | I67: =VLOOKUP($H67,$D$2:$J$13,6,0) -> Thứ Hai (22/12) | J67: =VLOOKUP($H67,$D$2:$J$13,7,0) -> Thứ Tư (24/12) | K67: =COUNTIF('DS_Tong_12AS-AT-VH'!$B$946:$B$1653,F67) -> 25 | L67: =D67-K67 -> 0 | M67: =VLOOKUP($G67,$L$5:$P$9,M$3,0) -> VĂN | N67: =VLOOKUP($G67,$L$5:$P$9,N$3,0) -> LÝ | O67: =VLOOKUP($G67,$L$5:$P$9,O$3,0) -> TOÁN | P67: =VLOOKUP($G67,$L$5:$P$9,P$3,0) -> SỬ | Q67: =Q66+K66 -> 100963 | R67: =Q67+K67-1 -> 100987 | S67: TỔ HỢP 1 (12AS1,2,3) | T67: =VLOOKUP($H67,$D$2:$G$13,2,0) -> NGÀY THI: 22+24/12/2025
A68: =IF(F68="","",SUBTOTAL(3,$F$18:F68)) -> 38 | B68: 3 | C68: 3A | D68: 25 | F68: =C68&".S2" -> 3A.S2 | G68: TH1 | H68: 12AS | I68: =VLOOKUP($H68,$D$2:$J$13,6,0) -> Thứ Hai (22/12) | J68: =VLOOKUP($H68,$D$2:$J$13,7,0) -> Thứ Tư (24/12) | K68: =COUNTIF('DS_Tong_12AS-AT-VH'!$B$946:$B$1653,F68) -> 25 | L68: =D68-K68 -> 0 | M68: =VLOOKUP($G68,$L$5:$P$9,M$3,0) -> VĂN | N68: =VLOOKUP($G68,$L$5:$P$9,N$3,0) -> LÝ | O68: =VLOOKUP($G68,$L$5:$P$9,O$3,0) -> TOÁN | P68: =VLOOKUP($G68,$L$5:$P$9,P$3,0) -> SỬ | Q68: =Q67+K67 -> 100988 | R68: =Q68+K68-1 -> 101012 | S68: TỔ HỢP 1 (12AS1,2,3) | T68: =VLOOKUP($H68,$D$2:$G$13,2,0) -> NGÀY THI: 22+24/12/2025
A69: =IF(F69="","",SUBTOTAL(3,$F$18:F69)) -> 39 | B69: 4 | C69: 4A | D69: 25 | F69: =C69&".S2" -> 4A.S2 | G69: TH1 | H69: 12AS | I69: =VLOOKUP($H69,$D$2:$J$13,6,0) -> Thứ Hai (22/12) | J69: =VLOOKUP($H69,$D$2:$J$13,7,0) -> Thứ Tư (24/12) | K69: =COUNTIF('DS_Tong_12AS-AT-VH'!$B$946:$B$1653,F69) -> 25 | L69: =D69-K69 -> 0 | M69: =VLOOKUP($G69,$L$5:$P$9,M$3,0) -> VĂN | N69: =VLOOKUP($G69,$L$5:$P$9,N$3,0) -> LÝ | O69: =VLOOKUP($G69,$L$5:$P$9,O$3,0) -> TOÁN | P69: =VLOOKUP($G69,$L$5:$P$9,P$3,0) -> SỬ | Q69: =Q68+K68 -> 101013 | R69: =Q69+K69-1 -> 101037 | S69: TỔ HỢP 1 (12AS1,2,3) | T69: =VLOOKUP($H69,$D$2:$G$13,2,0) -> NGÀY THI: 22+24/12/2025
A70: =IF(F70="","",SUBTOTAL(3,$F$18:F70)) -> 40 | B70: 5 | C70: 5A | D70: 25 | F70: =C70&".S2" -> 5A.S2 | G70: TH1 | H70: 12AS | I70: =VLOOKUP($H70,$D$2:$J$13,6,0) -> Thứ Hai (22/12) | J70: =VLOOKUP($H70,$D$2:$J$13,7,0) -> Thứ Tư (24/12) | K70: =COUNTIF('DS_Tong_12AS-AT-VH'!$B$946:$B$1653,F70) -> 24 | L70: =D70-K70 -> 1 | M70: =VLOOKUP($G70,$L$5:$P$9,M$3,0) -> VĂN | N70: =VLOOKUP($G70,$L$5:$P$9,N$3,0) -> LÝ | O70: =VLOOKUP($G70,$L$5:$P$9,O$3,0) -> TOÁN | P70: =VLOOKUP($G70,$L$5:$P$9,P$3,0) -> SỬ | Q70: =Q69+K69 -> 101038 | R70: =Q70+K70-1 -> 101061 | S70: TỔ HỢP 1 (12AS1,2,3) | T70: =VLOOKUP($H70,$D$2:$G$13,2,0) -> NGÀY THI: 22+24/12/2025
A71: =IF(F71="","",SUBTOTAL(3,$F$18:F71)) | B71: TỔ HỢP 2 (12AS4,5,6) | D71: 139 | K71: =SUM(K72:K76) -> 139 | L71: =SUM(L72:L76) -> 0 | M71: =VLOOKUP($G72,$L$5:$P$10,M$3,0) -> VĂN | N71: =VLOOKUP($G72,$L$5:$P$10,N$3,0) -> HÓA | O71: =VLOOKUP($G72,$L$5:$P$10,O$3,0) -> TOÁN | P71: =VLOOKUP($G72,$L$5:$P$10,P$3,0) -> SỬ | T71: =VLOOKUP($H71,$D$2:$G$13,2,0) -> #N/A
A72: =IF(F72="","",SUBTOTAL(3,$F$18:F72)) -> 41 | B72: 1 | C72: 6A | D72: 28 | E72: 02.HN | F72: =C72&".S2" -> 6A.S2 | G72: TH2 | H72: 12AS | I72: =VLOOKUP($H72,$D$2:$J$13,6,0) -> Thứ Hai (22/12) | J72: =VLOOKUP($H72,$D$2:$J$13,7,0) -> Thứ Tư (24/12) | K72: =COUNTIF('DS_Tong_12AS-AT-VH'!$B$946:$B$1653,F72) -> 28 | L72: =D72-K72 -> 0 | M72: =VLOOKUP($G72,$L$5:$P$9,M$3,0) -> VĂN | N72: =VLOOKUP($G72,$L$5:$P$9,N$3,0) -> HÓA | O72: =VLOOKUP($G72,$L$5:$P$9,O$3,0) -> TOÁN | P72: =VLOOKUP($G72,$L$5:$P$9,P$3,0) -> SỬ | Q72: =R70+1 -> 101062 | R72: =Q72+K72-1 -> 101089 | S72: TỔ HỢP 2 (12AS4,5,6) | T72: =VLOOKUP($H72,$D$2:$G$13,2,0) -> NGÀY THI: 22+24/12/2025
A73: =IF(F73="","",SUBTOTAL(3,$F$18:F73)) -> 42 | B73: 2 | C73: 7A | D73: 28 | F73: =C73&".S2" -> 7A.S2 | G73: TH2 | H73: 12AS | I73: =VLOOKUP($H73,$D$2:$J$13,6,0) -> Thứ Hai (22/12) | J73: =VLOOKUP($H73,$D$2:$J$13,7,0) -> Thứ Tư (24/12) | K73: =COUNTIF('DS_Tong_12AS-AT-VH'!$B$946:$B$1653,F73) -> 28 | L73: =D73-K73 -> 0 | M73: =VLOOKUP($G73,$L$5:$P$9,M$3,0) -> VĂN | N73: =VLOOKUP($G73,$L$5:$P$9,N$3,0) -> HÓA | O73: =VLOOKUP($G73,$L$5:$P$9,O$3,0) -> TOÁN | P73: =VLOOKUP($G73,$L$5:$P$9,P$3,0) -> SỬ | Q73: =Q72+K72 -> 101090 | R73: =Q73+K73-1 -> 101117 | S73: TỔ HỢP 2 (12AS4,5,6) | T73: =VLOOKUP($H73,$D$2:$G$13,2,0) -> NGÀY THI: 22+24/12/2025
A74: =IF(F74="","",SUBTOTAL(3,$F$18:F74)) -> 43 | B74: 3 | C74: 9A | D74: 28 | F74: =C74&".S2" -> 9A.S2 | G74: TH2 | H74: 12AS | I74: =VLOOKUP($H74,$D$2:$J$13,6,0) -> Thứ Hai (22/12) | J74: =VLOOKUP($H74,$D$2:$J$13,7,0) -> Thứ Tư (24/12) | K74: =COUNTIF('DS_Tong_12AS-AT-VH'!$B$946:$B$1653,F74) -> 28 | L74: =D74-K74 -> 0 | M74: =VLOOKUP($G74,$L$5:$P$9,M$3,0) -> VĂN | N74: =VLOOKUP($G74,$L$5:$P$9,N$3,0) -> HÓA | O74: =VLOOKUP($G74,$L$5:$P$9,O$3,0) -> TOÁN | P74: =VLOOKUP($G74,$L$5:$P$9,P$3,0) -> SỬ | Q74: =Q73+K73 -> 101118 | R74: =Q74+K74-1 -> 101145 | S74: TỔ HỢP 2 (12AS4,5,6) | T74: =VLOOKUP($H74,$D$2:$G$13,2,0) -> NGÀY THI: 22+24/12/2025
A75: =IF(F75="","",SUBTOTAL(3,$F$18:F75)) -> 44 | B75: 4 | C75: 10A | D75: 28 | F75: =C75&".S2" -> 10A.S2 | G75: TH2 | H75: 12AS | I75: =VLOOKUP($H75,$D$2:$J$13,6,0) -> Thứ Hai (22/12) | J75: =VLOOKUP($H75,$D$2:$J$13,7,0) -> Thứ Tư (24/12) | K75: =COUNTIF('DS_Tong_12AS-AT-VH'!$B$946:$B$1653,F75) -> 28 | L75: =D75-K75 -> 0 | M75: =VLOOKUP($G75,$L$5:$P$9,M$3,0) -> VĂN | N75: =VLOOKUP($G75,$L$5:$P$9,N$3,0) -> HÓA | O75: =VLOOKUP($G75,$L$5:$P$9,O$3,0) -> TOÁN | P75: =VLOOKUP($G75,$L$5:$P$9,P$3,0) -> SỬ | Q75: =Q74+K74 -> 101146 | R75: =Q75+K75-1 -> 101173 | S75: TỔ HỢP 2 (12AS4,5,6) | T75: =VLOOKUP($H75,$D$2:$G$13,2,0) -> NGÀY THI: 22+24/12/2025
A76: =IF(F76="","",SUBTOTAL(3,$F$18:F76)) -> 45 | B76: 5 | C76: 11A | D76: 27 | F76: =C76&".S2" -> 11A.S2 | G76: TH2 | H76: 12AS | I76: =VLOOKUP($H76,$D$2:$J$13,6,0) -> Thứ Hai (22/12) | J76: =VLOOKUP($H76,$D$2:$J$13,7,0) -> Thứ Tư (24/12) | K76: =COUNTIF('DS_Tong_12AS-AT-VH'!$B$946:$B$1653,F76) -> 27 | L76: =D76-K76 -> 0 | M76: =VLOOKUP($G76,$L$5:$P$9,M$3,0) -> VĂN | N76: =VLOOKUP($G76,$L$5:$P$9,N$3,0) -> HÓA | O76: =VLOOKUP($G76,$L$5:$P$9,O$3,0) -> TOÁN | P76: =VLOOKUP($G76,$L$5:$P$9,P$3,0) -> SỬ | Q76: =Q75+K75 -> 101174 | R76: =Q76+K76-1 -> 101200 | S76: TỔ HỢP 2 (12AS4,5,6) | T76: =VLOOKUP($H76,$D$2:$G$13,2,0) -> NGÀY THI: 22+24/12/2025
A77: =IF(F77="","",SUBTOTAL(3,$F$18:F77)) | B77: TỔ HỢP 3 (12AS7,8) | D77: 105 | K77: =SUM(K78:K81) -> 105 | L77: =SUM(L78:L81) -> 0 | M77: =VLOOKUP($G78,$L$5:$P$10,M$3,0) -> VĂN | N77: =VLOOKUP($G78,$L$5:$P$10,N$3,0) -> KT-PL | O77: =VLOOKUP($G78,$L$5:$P$10,O$3,0) -> TOÁN | P77: =VLOOKUP($G78,$L$5:$P$10,P$3,0) -> SỬ | T77: =VLOOKUP($H77,$D$2:$G$13,2,0) -> #N/A
A78: =IF(F78="","",SUBTOTAL(3,$F$18:F78)) -> 46 | B78: 1 | C78: 12A | D78: 27 | F78: =C78&".S2" -> 12A.S2 | G78: TH3 | H78: 12AS | I78: =VLOOKUP($H78,$D$2:$J$13,6,0) -> Thứ Hai (22/12) | J78: =VLOOKUP($H78,$D$2:$J$13,7,0) -> Thứ Tư (24/12) | K78: =COUNTIF('DS_Tong_12AS-AT-VH'!$B$946:$B$1653,F78) -> 27 | L78: =D78-K78 -> 0 | M78: =VLOOKUP($G78,$L$5:$P$9,M$3,0) -> VĂN | N78: =VLOOKUP($G78,$L$5:$P$9,N$3,0) -> KT-PL | O78: =VLOOKUP($G78,$L$5:$P$9,O$3,0) -> TOÁN | P78: =VLOOKUP($G78,$L$5:$P$9,P$3,0) -> SỬ | Q78: =R76+1 -> 101201 | R78: =Q78+K78-1 -> 101227 | S78: TỔ HỢP 3 (12AS7,8) | T78: =VLOOKUP($H78,$D$2:$G$13,2,0) -> NGÀY THI: 22+24/12/2025
A79: =IF(F79="","",SUBTOTAL(3,$F$18:F79)) -> 47 | B79: 2 | C79: 13A | D79: 26 | F79: =C79&".S2" -> 13A.S2 | G79: TH3 | H79: 12AS | I79: =VLOOKUP($H79,$D$2:$J$13,6,0) -> Thứ Hai (22/12) | J79: =VLOOKUP($H79,$D$2:$J$13,7,0) -> Thứ Tư (24/12) | K79: =COUNTIF('DS_Tong_12AS-AT-VH'!$B$946:$B$1653,F79) -> 26 | L79: =D79-K79 -> 0 | M79: =VLOOKUP($G79,$L$5:$P$9,M$3,0) -> VĂN | N79: =VLOOKUP($G79,$L$5:$P$9,N$3,0) -> KT-PL | O79: =VLOOKUP($G79,$L$5:$P$9,O$3,0) -> TOÁN | P79: =VLOOKUP($G79,$L$5:$P$9,P$3,0) -> SỬ | Q79: =Q78+K78 -> 101228 | R79: =Q79+K79-1 -> 101253 | S79: TỔ HỢP 3 (12AS7,8) | T79: =VLOOKUP($H79,$D$2:$G$13,2,0) -> NGÀY THI: 22+24/12/2025
A80: =IF(F80="","",SUBTOTAL(3,$F$18:F80)) -> 48 | B80: 3 | C80: 14A | D80: 26 | F80: =C80&".S2" -> 14A.S2 | G80: TH3 | H80: 12AS | I80: =VLOOKUP($H80,$D$2:$J$13,6,0) -> Thứ Hai (22/12) | J80: =VLOOKUP($H80,$D$2:$J$13,7,0) -> Thứ Tư (24/12) | K80: =COUNTIF('DS_Tong_12AS-AT-VH'!$B$946:$B$1653,F80) -> 26 | L80: =D80-K80 -> 0 | M80: =VLOOKUP($G80,$L$5:$P$9,M$3,0) -> VĂN | N80: =VLOOKUP($G80,$L$5:$P$9,N$3,0) -> KT-PL | O80: =VLOOKUP($G80,$L$5:$P$9,O$3,0) -> TOÁN | P80: =VLOOKUP($G80,$L$5:$P$9,P$3,0) -> SỬ | Q80: =Q79+K79 -> 101254 | R80: =Q80+K80-1 -> 101279 | S80: TỔ HỢP 3 (12AS7,8) | T80: =VLOOKUP($H80,$D$2:$G$13,2,0) -> NGÀY THI: 22+24/12/2025
A81: =IF(F81="","",SUBTOTAL(3,$F$18:F81)) -> 49 | B81: 4 | C81: 2B | D81: 26 | F81: =C81&".S2" -> 2B.S2 | G81: TH3 | H81: 12AS | I81: =VLOOKUP($H81,$D$2:$J$13,6,0) -> Thứ Hai (22/12) | J81: =VLOOKUP($H81,$D$2:$J$13,7,0) -> Thứ Tư (24/12) | K81: =COUNTIF('DS_Tong_12AS-AT-VH'!$B$946:$B$1653,F81) -> 26 | L81: =D81-K81 -> 0 | M81: =VLOOKUP($G81,$L$5:$P$9,M$3,0) -> VĂN | N81: =VLOOKUP($G81,$L$5:$P$9,N$3,0) -> KT-PL | O81: =VLOOKUP($G81,$L$5:$P$9,O$3,0) -> TOÁN | P81: =VLOOKUP($G81,$L$5:$P$9,P$3,0) -> SỬ | Q81: =Q80+K80 -> 101280 | R81: =Q81+K81-1 -> 101305 | S81: TỔ HỢP 3 (12AS7,8) | T81: =VLOOKUP($H81,$D$2:$G$13,2,0) -> NGÀY THI: 22+24/12/2025
A82: =IF(F82="","",SUBTOTAL(3,$F$18:F82)) | B82: TỔ HỢP 5 (12AS9,10,11,12) | D82: 193 | K82: =SUM(K83:K89) -> 193 | L82: =SUM(L83:L94) -> 4 | M82: =VLOOKUP($G83,$L$5:$P$10,M$3,0) -> VĂN | N82: =VLOOKUP($G83,$L$5:$P$10,N$3,0) -> KT-PL | O82: =VLOOKUP($G83,$L$5:$P$10,O$3,0) -> TOÁN | P82: =VLOOKUP($G83,$L$5:$P$10,P$3,0) -> SỬ | T82: =VLOOKUP($H82,$D$2:$G$13,2,0) -> #N/A
A83: =IF(F83="","",SUBTOTAL(3,$F$18:F83)) -> 50 | B83: 1 | C83: 3B | D83: 28 | E83: 01.HN | F83: =C83&".S2" -> 3B.S2 | G83: TH5 | H83: 12AS | I83: =VLOOKUP($H83,$D$2:$J$13,6,0) -> Thứ Hai (22/12) | J83: =VLOOKUP($H83,$D$2:$J$13,7,0) -> Thứ Tư (24/12) | K83: =COUNTIF('DS_Tong_12AS-AT-VH'!$B$946:$B$1653,F83) -> 28 | L83: =D83-K83 -> 0 | M83: =VLOOKUP($G83,$L$5:$P$9,M$3,0) -> VĂN | N83: =VLOOKUP($G83,$L$5:$P$9,N$3,0) -> KT-PL | O83: =VLOOKUP($G83,$L$5:$P$9,O$3,0) -> TOÁN | P83: =VLOOKUP($G83,$L$5:$P$9,P$3,0) -> SỬ | Q83: =R81+1 -> 101306 | R83: =Q83+K83-1 -> 101333 | S83: TỔ HỢP 5 (12AS9,10,11,12) | T83: =VLOOKUP($H83,$D$2:$G$13,2,0) -> NGÀY THI: 22+24/12/2025
A84: =IF(F84="","",SUBTOTAL(3,$F$18:F84)) -> 51 | B84: 2 | C84: 4B | D84: 28 | F84: =C84&".S2" -> 4B.S2 | G84: TH5 | H84: 12AS | I84: =VLOOKUP($H84,$D$2:$J$13,6,0) -> Thứ Hai (22/12) | J84: =VLOOKUP($H84,$D$2:$J$13,7,0) -> Thứ Tư (24/12) | K84: =COUNTIF('DS_Tong_12AS-AT-VH'!$B$946:$B$1653,F84) -> 28 | L84: =D84-K84 -> 0 | M84: =VLOOKUP($G84,$L$5:$P$9,M$3,0) -> VĂN | N84: =VLOOKUP($G84,$L$5:$P$9,N$3,0) -> KT-PL | O84: =VLOOKUP($G84,$L$5:$P$9,O$3,0) -> TOÁN | P84: =VLOOKUP($G84,$L$5:$P$9,P$3,0) -> SỬ | Q84: =Q83+K83 -> 101334 | R84: =Q84+K84-1 -> 101361 | S84: TỔ HỢP 5 (12AS9,10,11,12) | T84: =VLOOKUP($H84,$D$2:$G$13,2,0) -> NGÀY THI: 22+24/12/2025
A85: =IF(F85="","",SUBTOTAL(3,$F$18:F85)) -> 52 | B85: 3 | C85: 5B | D85: 28 | F85: =C85&".S2" -> 5B.S2 | G85: TH5 | H85: 12AS | I85: =VLOOKUP($H85,$D$2:$J$13,6,0) -> Thứ Hai (22/12) | J85: =VLOOKUP($H85,$D$2:$J$13,7,0) -> Thứ Tư (24/12) | K85: =COUNTIF('DS_Tong_12AS-AT-VH'!$B$946:$B$1653,F85) -> 28 | L85: =D85-K85 -> 0 | M85: =VLOOKUP($G85,$L$5:$P$9,M$3,0) -> VĂN | N85: =VLOOKUP($G85,$L$5:$P$9,N$3,0) -> KT-PL | O85: =VLOOKUP($G85,$L$5:$P$9,O$3,0) -> TOÁN | P85: =VLOOKUP($G85,$L$5:$P$9,P$3,0) -> SỬ | Q85: =Q84+K84 -> 101362 | R85: =Q85+K85-1 -> 101389 | S85: TỔ HỢP 5 (12AS9,10,11,12) | T85: =VLOOKUP($H85,$D$2:$G$13,2,0) -> NGÀY THI: 22+24/12/2025
A86: =IF(F86="","",SUBTOTAL(3,$F$18:F86)) -> 53 | B86: 4 | C86: 6B | D86: 28 | F86: =C86&".S2" -> 6B.S2 | G86: TH5 | H86: 12AS | I86: =VLOOKUP($H86,$D$2:$J$13,6,0) -> Thứ Hai (22/12) | J86: =VLOOKUP($H86,$D$2:$J$13,7,0) -> Thứ Tư (24/12) | K86: =COUNTIF('DS_Tong_12AS-AT-VH'!$B$946:$B$1653,F86) -> 28 | L86: =D86-K86 -> 0 | M86: =VLOOKUP($G86,$L$5:$P$9,M$3,0) -> VĂN | N86: =VLOOKUP($G86,$L$5:$P$9,N$3,0) -> KT-PL | O86: =VLOOKUP($G86,$L$5:$P$9,O$3,0) -> TOÁN | P86: =VLOOKUP($G86,$L$5:$P$9,P$3,0) -> SỬ | Q86: =Q85+K85 -> 101390 | R86: =Q86+K86-1 -> 101417 | S86: TỔ HỢP 5 (12AS9,10,11,12) | T86: =VLOOKUP($H86,$D$2:$G$13,2,0) -> NGÀY THI: 22+24/12/2025
A87: =IF(F87="","",SUBTOTAL(3,$F$18:F87)) -> 54 | B87: 5 | C87: 7B | D87: 27 | F87: =C87&".S2" -> 7B.S2 | G87: TH5 | H87: 12AS | I87: =VLOOKUP($H87,$D$2:$J$13,6,0) -> Thứ Hai (22/12) | J87: =VLOOKUP($H87,$D$2:$J$13,7,0) -> Thứ Tư (24/12) | K87: =COUNTIF('DS_Tong_12AS-AT-VH'!$B$946:$B$1653,F87) -> 27 | L87: =D87-K87 -> 0 | M87: =VLOOKUP($G87,$L$5:$P$9,M$3,0) -> VĂN | N87: =VLOOKUP($G87,$L$5:$P$9,N$3,0) -> KT-PL | O87: =VLOOKUP($G87,$L$5:$P$9,O$3,0) -> TOÁN | P87: =VLOOKUP($G87,$L$5:$P$9,P$3,0) -> SỬ | Q87: =Q86+K86 -> 101418 | R87: =Q87+K87-1 -> 101444 | S87: TỔ HỢP 5 (12AS9,10,11,12) | T87: =VLOOKUP($H87,$D$2:$G$13,2,0) -> NGÀY THI: 22+24/12/2025
A88: =IF(F88="","",SUBTOTAL(3,$F$18:F88)) -> 55 | B88: 6 | C88: 8B | D88: 27 | F88: =C88&".S2" -> 8B.S2 | G88: TH5 | H88: 12AS | I88: =VLOOKUP($H88,$D$2:$J$13,6,0) -> Thứ Hai (22/12) | J88: =VLOOKUP($H88,$D$2:$J$13,7,0) -> Thứ Tư (24/12) | K88: =COUNTIF('DS_Tong_12AS-AT-VH'!$B$946:$B$1653,F88) -> 27 | L88: =D88-K88 -> 0 | M88: =VLOOKUP($G88,$L$5:$P$9,M$3,0) -> VĂN | N88: =VLOOKUP($G88,$L$5:$P$9,N$3,0) -> KT-PL | O88: =VLOOKUP($G88,$L$5:$P$9,O$3,0) -> TOÁN | P88: =VLOOKUP($G88,$L$5:$P$9,P$3,0) -> SỬ | Q88: =Q87+K87 -> 101445 | R88: =Q88+K88-1 -> 101471 | S88: TỔ HỢP 5 (12AS9,10,11,12) | T88: =VLOOKUP($H88,$D$2:$G$13,2,0) -> NGÀY THI: 22+24/12/2025
A89: =IF(F89="","",SUBTOTAL(3,$F$18:F89)) -> 56 | B89: 7 | C89: 9B | D89: 27 | F89: =C89&".S2" -> 9B.S2 | G89: TH5 | H89: 12AS | I89: =VLOOKUP($H89,$D$2:$J$13,6,0) -> Thứ Hai (22/12) | J89: =VLOOKUP($H89,$D$2:$J$13,7,0) -> Thứ Tư (24/12) | K89: =COUNTIF('DS_Tong_12AS-AT-VH'!$B$946:$B$1653,F89) -> 27 | L89: =D89-K89 -> 0 | M89: =VLOOKUP($G89,$L$5:$P$9,M$3,0) -> VĂN | N89: =VLOOKUP($G89,$L$5:$P$9,N$3,0) -> KT-PL | O89: =VLOOKUP($G89,$L$5:$P$9,O$3,0) -> TOÁN | P89: =VLOOKUP($G89,$L$5:$P$9,P$3,0) -> SỬ | Q89: =Q88+K88 -> 101472 | R89: =Q89+K89-1 -> 101498 | S89: TỔ HỢP 5 (12AS9,10,11,12) | T89: =VLOOKUP($H89,$D$2:$G$13,2,0) -> NGÀY THI: 22+24/12/2025
A90: =IF(F90="","",SUBTOTAL(3,$F$18:F90)) | B90: KHỐI 12AT | C90: 5 phòng | D90: 150 | T90: =VLOOKUP($H90,$D$2:$G$13,2,0) -> #N/A
A91: =IF(F91="","",SUBTOTAL(3,$F$18:F91)) | B91: TỔ HỢP 1 (12AT1,2) | D91: 94 | K91: =SUM(K92:K94) -> 92 | L91: =SUM(L92:L94) -> 2 | M91: =VLOOKUP($G92,$L$5:$P$10,M$3,0) -> VĂN | N91: =VLOOKUP($G92,$L$5:$P$10,N$3,0) -> LÝ | O91: =VLOOKUP($G92,$L$5:$P$10,O$3,0) -> TOÁN | P91: =VLOOKUP($G92,$L$5:$P$10,P$3,0) -> SỬ | T91: =VLOOKUP($H91,$D$2:$G$13,2,0) -> #N/A
A92: =IF(F92="","",SUBTOTAL(3,$F$18:F92)) -> 57 | B92: 1 | C92: 2B | D92: 32 | F92: =C92&".T" -> 2B.T | G92: TH1 | H92: 12AT | I92: =VLOOKUP($H92,$D$2:$J$13,6,0) -> Thứ Hai (22/12) | J92: =VLOOKUP($H92,$D$2:$J$13,7,0) -> Thứ Ba (23/12) | K92: =COUNTIF('DS_Tong_12AS-AT-VH'!$B$946:$B$1653,F92) -> 31 | L92: =D92-K92 -> 1 | M92: =VLOOKUP($G92,$L$5:$P$9,M$3,0) -> VĂN | N92: =VLOOKUP($G92,$L$5:$P$9,N$3,0) -> LÝ | O92: =VLOOKUP($G92,$L$5:$P$9,O$3,0) -> TOÁN | P92: =VLOOKUP($G92,$L$5:$P$9,P$3,0) -> SỬ | Q92: =R89+1 -> 101499 | R92: =Q92+K92-1 -> 101529 | S92: TỔ HỢP 1 (12AT1,2) | T92: =VLOOKUP($H92,$D$2:$G$13,2,0) -> NGÀY THI: 22+23/12/2025
A93: =IF(F93="","",SUBTOTAL(3,$F$18:F93)) -> 58 | B93: 2 | C93: 3B | D93: 31 | F93: =C93&".T" -> 3B.T | G93: TH1 | H93: 12AT | I93: =VLOOKUP($H93,$D$2:$J$13,6,0) -> Thứ Hai (22/12) | J93: =VLOOKUP($H93,$D$2:$J$13,7,0) -> Thứ Ba (23/12) | K93: =COUNTIF('DS_Tong_12AS-AT-VH'!$B$946:$B$1653,F93) -> 31 | L93: =D93-K93 -> 0 | M93: =VLOOKUP($G93,$L$5:$P$9,M$3,0) -> VĂN | N93: =VLOOKUP($G93,$L$5:$P$9,N$3,0) -> LÝ | O93: =VLOOKUP($G93,$L$5:$P$9,O$3,0) -> TOÁN | P93: =VLOOKUP($G93,$L$5:$P$9,P$3,0) -> SỬ | Q93: =Q92+K92 -> 101530 | R93: =Q93+K93-1 -> 101560 | S93: TỔ HỢP 1 (12AT1,2) | T93: =VLOOKUP($H93,$D$2:$G$13,2,0) -> NGÀY THI: 22+23/12/2025
A94: =IF(F94="","",SUBTOTAL(3,$F$18:F94)) -> 59 | B94: 3 | C94: 4B | D94: 31 | F94: =C94&".T" -> 4B.T | G94: TH1 | H94: 12AT | I94: =VLOOKUP($H94,$D$2:$J$13,6,0) -> Thứ Hai (22/12) | J94: =VLOOKUP($H94,$D$2:$J$13,7,0) -> Thứ Ba (23/12) | K94: =COUNTIF('DS_Tong_12AS-AT-VH'!$B$946:$B$1653,F94) -> 30 | L94: =D94-K94 -> 1 | M94: =VLOOKUP($G94,$L$5:$P$9,M$3,0) -> VĂN | N94: =VLOOKUP($G94,$L$5:$P$9,N$3,0) -> LÝ | O94: =VLOOKUP($G94,$L$5:$P$9,O$3,0) -> TOÁN | P94: =VLOOKUP($G94,$L$5:$P$9,P$3,0) -> SỬ | Q94: =Q93+K93 -> 101561 | R94: =Q94+K94-1 -> 101590 | S94: TỔ HỢP 1 (12AT1,2) | T94: =VLOOKUP($H94,$D$2:$G$13,2,0) -> NGÀY THI: 22+23/12/2025
A95: =IF(F95="","",SUBTOTAL(3,$F$18:F95)) | B95: TỔ HỢP 2 (12AT3) | D95: 56 | K95: =SUM(K96:K97) -> 55 | L95: =SUM(L96:L97) -> 1 | M95: =VLOOKUP($G96,$L$5:$P$10,M$3,0) -> VĂN | N95: =VLOOKUP($G96,$L$5:$P$10,N$3,0) -> HÓA | O95: =VLOOKUP($G96,$L$5:$P$10,O$3,0) -> TOÁN | P95: =VLOOKUP($G96,$L$5:$P$10,P$3,0) -> SỬ | T95: =VLOOKUP($H95,$D$2:$G$13,2,0) -> #N/A
A96: =IF(F96="","",SUBTOTAL(3,$F$18:F96)) -> 60 | B96: 1 | C96: 5B | D96: 28 | F96: =C96&".T" -> 5B.T | G96: TH2 | H96: 12AT | I96: =VLOOKUP($H96,$D$2:$J$13,6,0) -> Thứ Hai (22/12) | J96: =VLOOKUP($H96,$D$2:$J$13,7,0) -> Thứ Ba (23/12) | K96: =COUNTIF('DS_Tong_12AS-AT-VH'!$B$946:$B$1653,F96) -> 28 | L96: =D96-K96 -> 0 | M96: =VLOOKUP($G96,$L$5:$P$9,M$3,0) -> VĂN | N96: =VLOOKUP($G96,$L$5:$P$9,N$3,0) -> HÓA | O96: =VLOOKUP($G96,$L$5:$P$9,O$3,0) -> TOÁN | P96: =VLOOKUP($G96,$L$5:$P$9,P$3,0) -> SỬ | Q96: =R94+1 -> 101591 | R96: =Q96+K96-1 -> 101618 | S96: TỔ HỢP 2 (12AT3) | T96: =VLOOKUP($H96,$D$2:$G$13,2,0) -> NGÀY THI: 22+23/12/2025
A97: =IF(F97="","",SUBTOTAL(3,$F$18:F97)) -> 61 | B97: 2 | C97: 6B | D97: 28 | F97: =C97&".T" -> 6B.T | G97: TH2 | H97: 12AT | I97: =VLOOKUP($H97,$D$2:$J$13,6,0) -> Thứ Hai (22/12) | J97: =VLOOKUP($H97,$D$2:$J$13,7,0) -> Thứ Ba (23/12) | K97: =COUNTIF('DS_Tong_12AS-AT-VH'!$B$946:$B$1653,F97) -> 27 | L97: =D97-K97 -> 1 | M97: =VLOOKUP($G97,$L$5:$P$9,M$3,0) -> VĂN | N97: =VLOOKUP($G97,$L$5:$P$9,N$3,0) -> HÓA | O97: =VLOOKUP($G97,$L$5:$P$9,O$3,0) -> TOÁN | P97: =VLOOKUP($G97,$L$5:$P$9,P$3,0) -> SỬ | Q97: =Q96+K96 -> 101619 | R97: =Q97+K97-1 -> 101645 | S97: TỔ HỢP 2 (12AT3) | T97: =VLOOKUP($H97,$D$2:$G$13,2,0) -> NGÀY THI: 22+23/12/2025
A98: =IF(F98="","",SUBTOTAL(3,$F$18:F98)) | B98: KHỐI 10KT | C98: =COUNTIF(B99:B106,">0")&" phòng" -> 7 phòng | D98: =D99 -> 200 | T98: =VLOOKUP($H98,$D$2:$G$13,2,0) -> #N/A
A99: =IF(F99="","",SUBTOTAL(3,$F$18:F99)) | B99: TỔ HỢP 4 (10KT1,2,3,4) | D99: =SUM(D100:D106) -> 200 | K99: =SUM(K100:K106) -> 196 | M99: =VLOOKUP($G100,$L$5:$P$10,M$3,0) -> VĂN | N99: =VLOOKUP($G100,$L$5:$P$10,N$3,0) -> LÝ | O99: =VLOOKUP($G100,$L$5:$P$10,O$3,0) -> TOÁN | P99: =VLOOKUP($G100,$L$5:$P$10,P$3,0) -> SỬ | T99: =VLOOKUP($H99,$D$2:$G$13,2,0) -> #N/A
A100: =IF(F100="","",SUBTOTAL(3,$F$18:F100)) -> 62 | B100: 1 | C100: HT2-1 | D100: 29 | E100: 01.HN | F100: =C100&".C" -> HT2-1.C | G100: TH4 | H100: 10KT | I100: =VLOOKUP($H100,$D$2:$J$13,6,0) -> Thứ Hai (22/12) | J100: =VLOOKUP($H100,$D$2:$J$13,7,0) -> Thứ Tư (24/12) | K100: =COUNTIF('DS_Tong_12AS-AT-VH'!$B$2446:$B$2641,F100) -> 28 | L100: =D100-K100 -> 1 | M100: =VLOOKUP($G100,$L$5:$P$9,M$3,0) -> VĂN | N100: =VLOOKUP($G100,$L$5:$P$9,N$3,0) -> LÝ | O100: =VLOOKUP($G100,$L$5:$P$9,O$3,0) -> TOÁN | P100: =VLOOKUP($G100,$L$5:$P$9,P$3,0) -> SỬ | S100: TỔ HỢP 4 (10KT1,2,3,4) | T100: =VLOOKUP($H100,$D$2:$G$13,2,0) -> NGÀY THI: 22+24/12/2025
...

Sheet DS_Tong_12AS-AT-VH
A1: UBND THÀNH PHỐ THỦ ĐỨC | G1: CỘNG HÒA XÃ HỘI CHỦ NGHĨA VIỆT NAM | N1: TH1 | O1: LÝ
A2: TRUNG TÂM GDNN - GDTX | G2: Độc lập - Tự do - Hạnh phúc | N2: TH2 | O2: HÓA
N3: TH3 | O3: KT-PL
A6: Stt | B6: P.thi.Buổi | C6: TH | D6: Phòng thi | E6: SBD | F6: Họ | G6: Tên | H6: Lớp | I6: Ghi chú | J6: MÔN THI | O6: Khuyết tật | P6: Mức độ | Q6: Nghỉ học (NgiH) | R6: Chưa đóng HP
J7: Thứ Hai (23/12) | L7: Thứ Tư (25/12) | O7: 6 | P7: 7 | Q7: 8 | R7: 9
A8: 1 | B8: 2 | C8: 3 | D8: 4 | E8: 5 | F8: 6 | G8: 7 | H8: 8 | I8: 9 | J8: VĂN | K8: LÝ | L8: TOÁN | M8: SỬ | U8: Nghỉ học | V8: =COUNTIF($V$9:$V$3025,"hp") -> 0
A9: 1 | B9: =RIGHT(D9,LEN(D9)-2)&"."&LEFT(N9,1) -> 1A.S | C9: TH2 | D9: P.1A | E9: 100001 | F9: Nguyễn Hoài | G9: An | H9: 10AS1 | N9: Sáng | O9: 0 | P9: 0 | Q9: =U9 -> 0 | T9: =TRIM(F9&" "&G9&"_"&H9) -> Nguyễn Hoài An_10AS1 | U9: {=IFERROR(VLOOKUP($T9,'Nghi hoc T12'!$H$7:$I$160,2,0),0)} -> 0 | V9: =IFERROR(VLOOKUP($T9,No_HP!$B$2:$C$514,2,0),0) -> 0 | W9: =I9 -> 0 | X9: =O9 -> 0 | Y9: =P9 -> 0
A10: 2 | B10: =RIGHT(D10,LEN(D10)-2)&"."&LEFT(N10,1) -> 1A.S | C10: TH2 | D10: P.1A | E10: 100002 | F10: Nguyễn Hoàng Gia | G10: An | H10: 10AS1 | N10: Sáng | O10: 0 | P10: 0 | Q10: =U10 -> 0 | T10: =TRIM(F10&" "&G10&"_"&H10) -> Nguyễn Hoàng Gia An_10AS1 | U10: {=IFERROR(VLOOKUP($T10,'Nghi hoc T12'!$H$7:$I$160,2,0),0)} -> 0 | V10: =IFERROR(VLOOKUP($T10,No_HP!$B$2:$C$514,2,0),0) -> 0 | W10: =I10 -> 0 | X10: =O10 -> 0 | Y10: =P10 -> 0
A11: 3 | B11: =RIGHT(D11,LEN(D11)-2)&"."&LEFT(N11,1) -> 1A.S | C11: TH2 | D11: P.1A | E11: 100003 | F11: Trần Xuân Thái | G11: An | H11: 10AS2 | N11: Sáng | O11: 0 | P11: 0 | Q11: =U11 -> 0 | T11: =TRIM(F11&" "&G11&"_"&H11) -> Trần Xuân Thái An_10AS2 | U11: {=IFERROR(VLOOKUP($T11,'Nghi hoc T12'!$H$7:$I$160,2,0),0)} -> 0 | V11: =IFERROR(VLOOKUP($T11,No_HP!$B$2:$C$514,2,0),0) -> 0 | W11: =I11 -> 0 | X11: =O11 -> 0 | Y11: =P11 -> 0
A12: 4 | B12: =RIGHT(D12,LEN(D12)-2)&"."&LEFT(N12,1) -> 1A.S | C12: TH2 | D12: P.1A | E12: 100004 | F12: Ngô Quốc | G12: Anh | H12: 10AS1 | N12: Sáng | O12: 0 | P12: 0 | Q12: =U12 -> 0 | T12: =TRIM(F12&" "&G12&"_"&H12) -> Ngô Quốc Anh_10AS1 | U12: {=IFERROR(VLOOKUP($T12,'Nghi hoc T12'!$H$7:$I$160,2,0),0)} -> 0 | V12: =IFERROR(VLOOKUP($T12,No_HP!$B$2:$C$514,2,0),0) -> 0 | W12: =I12 -> 0 | X12: =O12 -> 0 | Y12: =P12 -> 0
A13: 5 | B13: =RIGHT(D13,LEN(D13)-2)&"."&LEFT(N13,1) -> 1A.S | C13: TH2 | D13: P.1A | E13: 100005 | F13: Nguyễn Bá Đức | G13: Anh | H13: 10AS2 | N13: Sáng | O13: 0 | P13: 0 | Q13: =U13 -> 0 | T13: =TRIM(F13&" "&G13&"_"&H13) -> Nguyễn Bá Đức Anh_10AS2 | U13: {=IFERROR(VLOOKUP($T13,'Nghi hoc T12'!$H$7:$I$160,2,0),0)} -> 0 | V13: =IFERROR(VLOOKUP($T13,No_HP!$B$2:$C$514,2,0),0) -> 0 | W13: =I13 -> 0 | X13: =O13 -> 0 | Y13: =P13 -> 0
A14: 6 | B14: =RIGHT(D14,LEN(D14)-2)&"."&LEFT(N14,1) -> 1A.S | C14: TH2 | D14: P.1A | E14: 100006 | F14: Phạm Ngọc Lan | G14: Anh | H14: 10AS2 | N14: Sáng | O14: 0 | P14: 0 | Q14: =U14 -> 0 | T14: =TRIM(F14&" "&G14&"_"&H14) -> Phạm Ngọc Lan Anh_10AS2 | U14: {=IFERROR(VLOOKUP($T14,'Nghi hoc T12'!$H$7:$I$160,2,0),0)} -> 0 | V14: =IFERROR(VLOOKUP($T14,No_HP!$B$2:$C$514,2,0),0) -> 0 | W14: =I14 -> 0 | X14: =O14 -> 0 | Y14: =P14 -> 0
A15: 7 | B15: =RIGHT(D15,LEN(D15)-2)&"."&LEFT(N15,1) -> 1A.S | C15: TH2 | D15: P.1A | E15: 100007 | F15: Đặng Duy | G15: Bảo | H15: 10AS2 | N15: Sáng | O15: 0 | P15: 0 | Q15: =U15 -> 0 | T15: =TRIM(F15&" "&G15&"_"&H15) -> Đặng Duy Bảo_10AS2 | U15: {=IFERROR(VLOOKUP($T15,'Nghi hoc T12'!$H$7:$I$160,2,0),0)} -> 0 | V15: =IFERROR(VLOOKUP($T15,No_HP!$B$2:$C$514,2,0),0) -> 0 | W15: =I15 -> 0 | X15: =O15 -> 0 | Y15: =P15 -> 0
A16: 8 | B16: =RIGHT(D16,LEN(D16)-2)&"."&LEFT(N16,1) -> 1A.S | C16: TH2 | D16: P.1A | E16: 100008 | F16: Hoàng Gia | G16: Bảo | H16: 10AS2 | N16: Sáng | O16: 0 | P16: 0 | Q16: =U16 -> 0 | T16: =TRIM(F16&" "&G16&"_"&H16) -> Hoàng Gia Bảo_10AS2 | U16: {=IFERROR(VLOOKUP($T16,'Nghi hoc T12'!$H$7:$I$160,2,0),0)} -> 0 | V16: =IFERROR(VLOOKUP($T16,No_HP!$B$2:$C$514,2,0),0) -> 0 | W16: =I16 -> 0 | X16: =O16 -> 0 | Y16: =P16 -> 0
A17: 9 | B17: =RIGHT(D17,LEN(D17)-2)&"."&LEFT(N17,1) -> 1A.S | C17: TH2 | D17: P.1A | E17: 100009 | F17: Lê Công Gia | G17: Bảo | H17: 10AS1 | N17: Sáng | O17: 0 | P17: 0 | Q17: =U17 -> 0 | T17: =TRIM(F17&" "&G17&"_"&H17) -> Lê Công Gia Bảo_10AS1 | U17: {=IFERROR(VLOOKUP($T17,'Nghi hoc T12'!$H$7:$I$160,2,0),0)} -> 0 | V17: =IFERROR(VLOOKUP($T17,No_HP!$B$2:$C$514,2,0),0) -> 0 | W17: =I17 -> 0 | X17: =O17 -> 0 | Y17: =P17 -> 0
A18: 10 | B18: =RIGHT(D18,LEN(D18)-2)&"."&LEFT(N18,1) -> 1A.S | C18: TH2 | D18: P.1A | E18: 100010 | F18: Phạm Minh | G18: Châu | H18: 10AS1 | N18: Sáng | O18: 0 | P18: 0 | Q18: =U18 -> 0 | T18: =TRIM(F18&" "&G18&"_"&H18) -> Phạm Minh Châu_10AS1 | U18: {=IFERROR(VLOOKUP($T18,'Nghi hoc T12'!$H$7:$I$160,2,0),0)} -> 0 | V18: =IFERROR(VLOOKUP($T18,No_HP!$B$2:$C$514,2,0),0) -> 0 | W18: =I18 -> 0 | X18: =O18 -> 0 | Y18: =P18 -> 0
A19: 11 | B19: =RIGHT(D19,LEN(D19)-2)&"."&LEFT(N19,1) -> 1A.S | C19: TH2 | D19: P.1A | E19: 100011 | F19: Nguyễn Kiều | G19: Chinh | H19: 10AS2 | N19: Sáng | O19: 0 | P19: 0 | Q19: =U19 -> 0 | T19: =TRIM(F19&" "&G19&"_"&H19) -> Nguyễn Kiều Chinh_10AS2 | U19: {=IFERROR(VLOOKUP($T19,'Nghi hoc T12'!$H$7:$I$160,2,0),0)} -> 0 | V19: =IFERROR(VLOOKUP($T19,No_HP!$B$2:$C$514,2,0),0) -> 0 | W19: =I19 -> 0 | X19: =O19 -> 0 | Y19: =P19 -> 0
A20: 12 | B20: =RIGHT(D20,LEN(D20)-2)&"."&LEFT(N20,1) -> 1A.S | C20: TH2 | D20: P.1A | E20: 100012 | F20: Phan Quốc | G20: Danh | H20: 10AS1 | N20: Sáng | O20: 0 | P20: 0 | Q20: =U20 -> 0 | T20: =TRIM(F20&" "&G20&"_"&H20) -> Phan Quốc Danh_10AS1 | U20: {=IFERROR(VLOOKUP($T20,'Nghi hoc T12'!$H$7:$I$160,2,0),0)} -> 0 | V20: =IFERROR(VLOOKUP($T20,No_HP!$B$2:$C$514,2,0),0) -> 0 | W20: =I20 -> 0 | X20: =O20 -> 0 | Y20: =P20 -> 0
... A124: 23 | B124: =RIGHT(D124,LEN(D124)-2)&"."&LEFT(N124,1) -> 5A.S | C124: TH3 | D124: P.5A | E124: 100116 | F124: Trịnh Gia | G124: Hân | H124: 10AS4 | N124: Sáng | O124: 0 | P124: 0 | Q124: =U124 -> 0 | T124: =TRIM(F124&" "&G124&"_"&H124) -> Trịnh Gia Hân_10AS4 | U124: {=IFERROR(VLOOKUP($T124,'Nghi hoc T12'!$H$7:$I$160,2,0),0)} -> 0 | V124: =IFERROR(VLOOKUP($T124,No_HP!$B$2:$C$514,2,0),0) -> 0 | W124: =I124 -> 0 | X124: =O124 -> 0 | Y124: =P124 -> 0
A125: 24 | B125: =RIGHT(D125,LEN(D125)-2)&"."&LEFT(N125,1) -> 5A.S | C125: TH3 | D125: P.5A | E125: 100117 | F125: Huỳnh Phan Anh | G125: Vũ | H125: 10AS3 | I125: HN | N125: Sáng | O125: Nhìn | P125: Nặng | Q125: =U125 -> 0 | T125: =TRIM(F125&" "&G125&"_"&H125) -> Huỳnh Phan Anh Vũ_10AS3 | U125: {=IFERROR(VLOOKUP($T125,'Nghi hoc T12'!$H$7:$I$160,2,0),0)} -> 0 | V125: =IFERROR(VLOOKUP($T125,No_HP!$B$2:$C$514,2,0),0) -> 0 | W125: =I125 -> HN | X125: =O125 -> Nhìn | Y125: =P125 -> Nặng
A126: 1 | B126: =RIGHT(D126,LEN(D126)-2)&"."&LEFT(N126,1) -> 6A.S | C126: TH3 | D126: P.6A | E126: 100118 | F126: Nguyễn Ngọc | G126: Hiền | H126: 10AS3 | N126: Sáng | O126: 0 | P126: 0 | Q126: =U126 -> 0 | T126: =TRIM(F126&" "&G126&"_"&H126) -> Nguyễn Ngọc Hiền_10AS3 | U126: {=IFERROR(VLOOKUP($T126,'Nghi hoc T12'!$H$7:$I$160,2,0),0)} -> 0 | V126: =IFERROR(VLOOKUP($T126,No_HP!$B$2:$C$514,2,0),0) -> 0 | W126: =I126 -> 0 | X126: =O126 -> 0 | Y126: =P126 -> 0
A127: 2 | B127: =RIGHT(D127,LEN(D127)-2)&"."&LEFT(N127,1) -> 6A.S | C127: TH3 | D127: P.6A | E127: 100119 | F127: Trần Nguyễn Hoàng | G127: Hiệp | H127: 10AS4 | N127: Sáng | O127: 0 | P127: 0 | Q127: =U127 -> 0 | T127: =TRIM(F127&" "&G127&"_"&H127) -> Trần Nguyễn Hoàng Hiệp_10AS4 | U127: {=IFERROR(VLOOKUP($T127,'Nghi hoc T12'!$H$7:$I$160,2,0),0)} -> 0 | V127: =IFERROR(VLOOKUP($T127,No_HP!$B$2:$C$514,2,0),0) -> 0 | W127: =I127 -> 0 | X127: =O127 -> 0 | Y127: =P127 -> 0
A128: 3 | B128: =RIGHT(D128,LEN(D128)-2)&"."&LEFT(N128,1) -> 6A.S | C128: TH3 | D128: P.6A | E128: 100120 | F128: Nguyễn Minh | G128: Hoàng | H128: 10AS3 | N128: Sáng | O128: 0 | P128: 0 | Q128: =U128 -> 0 | T128: =TRIM(F128&" "&G128&"_"&H128) -> Nguyễn Minh Hoàng_10AS3 | U128: {=IFERROR(VLOOKUP($T128,'Nghi hoc T12'!$H$7:$I$160,2,0),0)} -> 0 | V128: =IFERROR(VLOOKUP($T128,No_HP!$B$2:$C$514,2,0),0) -> 0 | W128: =I128 -> 0 | X128: =O128 -> 0 | Y128: =P128 -> 0
A129: 4 | B129: =RIGHT(D129,LEN(D129)-2)&"."&LEFT(N129,1) -> 6A.S | C129: TH3 | D129: P.6A | E129: 100121 | F129: Nguyễn Thị Phương | G129: Huế | H129: 10AS4 | N129: Sáng | O129: 0 | P129: 0 | Q129: =U129 -> 0 | T129: =TRIM(F129&" "&G129&"_"&H129) -> Nguyễn Thị Phương Huế_10AS4 | U129: {=IFERROR(VLOOKUP($T129,'Nghi hoc T12'!$H$7:$I$160,2,0),0)} -> 0 | V129: =IFERROR(VLOOKUP($T129,No_HP!$B$2:$C$514,2,0),0) -> 0 | W129: =I129 -> 0 | X129: =O129 -> 0 | Y129: =P129 -> 0
A130: 5 | B130: =RIGHT(D130,LEN(D130)-2)&"."&LEFT(N130,1) -> 6A.S | C130: TH3 | D130: P.6A | E130: 100122 | F130: Lâm Gia | G130: Huy | H130: 10AS3 | N130: Sáng | O130: 0 | P130: 0 | Q130: =U130 -> 0 | T130: =TRIM(F130&" "&G130&"_"&H130) -> Lâm Gia Huy_10AS3 | U130: {=IFERROR(VLOOKUP($T130,'Nghi hoc T12'!$H$7:$I$160,2,0),0)} -> 0 | V130: =IFERROR(VLOOKUP($T130,No_HP!$B$2:$C$514,2,0),0) -> 0 | W130: =I130 -> 0 | X130: =O130 -> 0 | Y130: =P130 -> 0
A131: 6 | B131: =RIGHT(D131,LEN(D131)-2)&"."&LEFT(N131,1) -> 6A.S | C131: TH3 | D131: P.6A | E131: 100123 | F131: Nguyễn Gia | G131: Huy | H131: 10AS4 | N131: Sáng | O131: 0 | P131: 0 | Q131: =U131 -> 0 | T131: =TRIM(F131&" "&G131&"_"&H131) -> Nguyễn Gia Huy_10AS4 | U131: {=IFERROR(VLOOKUP($T131,'Nghi hoc T12'!$H$7:$I$160,2,0),0)} -> 0 | V131: =IFERROR(VLOOKUP($T131,No_HP!$B$2:$C$514,2,0),0) -> 0 | W131: =I131 -> 0 | X131: =O131 -> 0 | Y131: =P131 -> 0
A132: 7 | B132: =RIGHT(D132,LEN(D132)-2)&"."&LEFT(N132,1) -> 6A.S | C132: TH3 | D132: P.6A | E132: 100124 | F132: Phạm Nguyễn Gia | G132: Huy | H132: 10AS3 | N132: Sáng | O132: 0 | P132: 0 | Q132: =U132 -> 0 | T132: =TRIM(F132&" "&G132&"_"&H132) -> Phạm Nguyễn Gia Huy_10AS3 | U132: {=IFERROR(VLOOKUP($T132,'Nghi hoc T12'!$H$7:$I$160,2,0),0)} -> 0 | V132: =IFERROR(VLOOKUP($T132,No_HP!$B$2:$C$514,2,0),0) -> 0 | W132: =I132 -> 0 | X132: =O132 -> 0 | Y132: =P132 -> 0
A133: 8 | B133: =RIGHT(D133,LEN(D133)-2)&"."&LEFT(N133,1) -> 6A.S | C133: TH3 | D133: P.6A | E133: 100125 | F133: Võ Thị Thu | G133: Huyền | H133: 10AS4 | N133: Sáng | O133: 0 | P133: 0 | Q133: =U133 -> 0 | T133: =TRIM(F133&" "&G133&"_"&H133) -> Võ Thị Thu Huyền_10AS4 | U133: {=IFERROR(VLOOKUP($T133,'Nghi hoc T12'!$H$7:$I$160,2,0),0)} -> 0 | V133: =IFERROR(VLOOKUP($T133,No_HP!$B$2:$C$514,2,0),0) -> 0 | W133: =I133 -> 0 | X133: =O133 -> 0 | Y133: =P133 -> 0
A134: 9 | B134: =RIGHT(D134,LEN(D134)-2)&"."&LEFT(N134,1) -> 6A.S | C134: TH3 | D134: P.6A | E134: 100126 | F134: Lê Lâm Quỳnh | G134: Hương | H134: 10AS3 | N134: Sáng | O134: 0 | P134: 0 | Q134: =U134 -> 0 | T134: =TRIM(F134&" "&G134&"_"&H134) -> Lê Lâm Quỳnh Hương_10AS3 | U134: {=IFERROR(VLOOKUP($T134,'Nghi hoc T12'!$H$7:$I$160,2,0),0)} -> 0 | V134: =IFERROR(VLOOKUP($T134,No_HP!$B$2:$C$514,2,0),0) -> 0 | W134: =I134 -> 0 | X134: =O134 -> 0 | Y134: =P134 -> 0
A135: 10 | B135: =RIGHT(D135,LEN(D135)-2)&"."&LEFT(N135,1) -> 6A.S | C135: TH3 | D135: P.6A | E135: 100127 | F135: Lê Nhựt | G135: Khang | H135: 10AS3 | N135: Sáng | O135: 0 | P135: 0 | Q135: =U135 -> 0 | T135: =TRIM(F135&" "&G135&"_"&H135) -> Lê Nhựt Khang_10AS3 | U135: {=IFERROR(VLOOKUP($T135,'Nghi hoc T12'!$H$7:$I$160,2,0),0)} -> 0 | V135: =IFERROR(VLOOKUP($T135,No_HP!$B$2:$C$514,2,0),0) -> 0 | W135: =I135 -> 0 | X135: =O135 -> 0 | Y135: =P135 -> 0
A136: 11 | B136: =RIGHT(D136,LEN(D136)-2)&"."&LEFT(N136,1) -> 6A.S | C136: TH3 | D136: P.6A | E136: 100128 | F136: Nguyễn Ngọc Bảo | G136: Khanh | H136: 10AS3 | N136: Sáng | O136: 0 | P136: 0 | Q136: =U136 -> 0 | T136: =TRIM(F136&" "&G136&"_"&H136) -> Nguyễn Ngọc Bảo Khanh_10AS3 | U136: {=IFERROR(VLOOKUP($T136,'Nghi hoc T12'!$H$7:$I$160,2,0),0)} -> 0 | V136: =IFERROR(VLOOKUP($T136,No_HP!$B$2:$C$514,2,0),0) -> 0 | W136: =I136 -> 0 | X136: =O136 -> 0 | Y136: =P136 -> 0
A137: 12 | B137: =RIGHT(D137,LEN(D137)-2)&"."&LEFT(N137,1) -> 6A.S | C137: TH3 | D137: P.6A | E137: 100129 | F137: Nguyễn Quốc | G137: Kiệt | H137: 10AS3 | N137: Sáng | O137: 0 | P137: 0 | Q137: =U137 -> 0 | T137: =TRIM(F137&" "&G137&"_"&H137) -> Nguyễn Quốc Kiệt_10AS3 | U137: {=IFERROR(VLOOKUP($T137,'Nghi hoc T12'!$H$7:$I$160,2,0),0)} -> 0 | V137: =IFERROR(VLOOKUP($T137,No_HP!$B$2:$C$514,2,0),0) -> 0 | W137: =I137 -> 0 | X137: =O137 -> 0 | Y137: =P137 -> 0
... A219: 23 | B219: =RIGHT(D219,LEN(D219)-2)&"."&LEFT(N219,1) -> 11A.S | C219: TH4 | D219: P.11A | E219: 100211 | F219: Nguyễn Bảo | G219: Giang | H219: 10AS6 | N219: Sáng | O219: 0 | P219: 0 | Q219: =U219 -> 0 | T219: =TRIM(F219&" "&G219&"_"&H219) -> Nguyễn Bảo Giang_10AS6 | U219: {=IFERROR(VLOOKUP($T219,'Nghi hoc T12'!$H$7:$I$160,2,0),0)} -> 0 | V219: =IFERROR(VLOOKUP($T219,No_HP!$B$2:$C$514,2,0),0) -> 0 | W219: =I219 -> 0 | X219: =O219 -> 0 | Y219: =P219 -> 0
A220: 24 | B220: =RIGHT(D220,LEN(D220)-2)&"."&LEFT(N220,1) -> 11A.S | C220: TH4 | D220: P.11A | E220: 100240 | F220: Võ Hoàng | G220: Khang | H220: 10AS6 | I220: HN | N220: Sáng | O220: Trí tuệ, nói | P220: Nhẹ | Q220: =U220 -> 0 | T220: =TRIM(F220&" "&G220&"_"&H220) -> Võ Hoàng Khang_10AS6 | U220: {=IFERROR(VLOOKUP($T220,'Nghi hoc T12'!$H$7:$I$160,2,0),0)} -> 0 | V220: =IFERROR(VLOOKUP($T220,No_HP!$B$2:$C$514,2,0),0) -> 0 | W220: =I220 -> HN | X220: =O220 -> Trí tuệ, nói | Y220: =P220 -> Nhẹ
A221: 1 | B221: =RIGHT(D221,LEN(D221)-2)&"."&LEFT(N221,1) -> 12A.S | C221: TH4 | D221: P.12A | E221: 100212 | F221: Phạm Quang | G221: Hà | H221: 10AS6 | N221: Sáng | O221: 0 | P221: 0 | Q221: =U221 -> 0 | T221: =TRIM(F221&" "&G221&"_"&H221) -> Phạm Quang Hà_10AS6 | U221: {=IFERROR(VLOOKUP($T221,'Nghi hoc T12'!$H$7:$I$160,2,0),0)} -> 0 | V221: =IFERROR(VLOOKUP($T221,No_HP!$B$2:$C$514,2,0),0) -> 0 | W221: =I221 -> 0 | X221: =O221 -> 0 | Y221: =P221 -> 0
A222: 2 | B222: =RIGHT(D222,LEN(D222)-2)&"."&LEFT(N222,1) -> 12A.S | C222: TH4 | D222: P.12A | E222: 100213 | F222: Nguyễn Hoàng | G222: Hải | H222: 10AS5 | N222: Sáng | O222: 0 | P222: 0 | Q222: =U222 -> 0 | T222: =TRIM(F222&" "&G222&"_"&H222) -> Nguyễn Hoàng Hải_10AS5 | U222: {=IFERROR(VLOOKUP($T222,'Nghi hoc T12'!$H$7:$I$160,2,0),0)} -> 0 | V222: =IFERROR(VLOOKUP($T222,No_HP!$B$2:$C$514,2,0),0) -> 0 | W222: =I222 -> 0 | X222: =O222 -> 0 | Y222: =P222 -> 0
A223: 3 | B223: =RIGHT(D223,LEN(D223)-2)&"."&LEFT(N223,1) -> 12A.S | C223: TH4 | D223: P.12A | E223: 100214 | F223: Nguyễn Tấn | G223: Hào | H223: 10AS6 | N223: Sáng | O223: 0 | P223: 0 | Q223: =U223 -> 0 | T223: =TRIM(F223&" "&G223&"_"&H223) -> Nguyễn Tấn Hào_10AS6 | U223: {=IFERROR(VLOOKUP($T223,'Nghi hoc T12'!$H$7:$I$160,2,0),0)} -> 0 | V223: =IFERROR(VLOOKUP($T223,No_HP!$B$2:$C$514,2,0),0) -> 0 | W223: =I223 -> 0 | X223: =O223 -> 0 | Y223: =P223 -> 0
A224: 4 | B224: =RIGHT(D224,LEN(D224)-2)&"."&LEFT(N224,1) -> 12A.S | C224: TH4 | D224: P.12A | E224: 100215 | F224: Trần Nhựt | G224: Hào | H224: 10AS5 | N224: Sáng | O224: 0 | P224: 0 | Q224: =U224 -> 0 | T224: =TRIM(F224&" "&G224&"_"&H224) -> Trần Nhựt Hào_10AS5 | U224: {=IFERROR(VLOOKUP($T224,'Nghi hoc T12'!$H$7:$I$160,2,0),0)} -> 0 | V224: =IFERROR(VLOOKUP($T224,No_HP!$B$2:$C$514,2,0),0) -> 0 | W224: =I224 -> 0 | X224: =O224 -> 0 | Y224: =P224 -> 0
A225: 5 | B225: =RIGHT(D225,LEN(D225)-2)&"."&LEFT(N225,1) -> 12A.S | C225: TH4 | D225: P.12A | E225: 100216 | F225: Đỗ Thụy Ngọc | G225: Hân | H225: 10AS7 | N225: Sáng | O225: 0 | P225: 0 | Q225: =U225 -> 0 | T225: =TRIM(F225&" "&G225&"_"&H225) -> Đỗ Thụy Ngọc Hân_10AS7 | U225: {=IFERROR(VLOOKUP($T225,'Nghi hoc T12'!$H$7:$I$160,2,0),0)} -> 0 | V225: =IFERROR(VLOOKUP($T225,No_HP!$B$2:$C$514,2,0),0) -> 0 | W225: =I225 -> 0 | X225: =O225 -> 0 | Y225: =P225 -> 0
A226: 6 | B226: =RIGHT(D226,LEN(D226)-2)&"."&LEFT(N226,1) -> 12A.S | C226: TH4 | D226: P.12A | E226: 100217 | F226: Nguyễn Ngọc Gia | G226: Hân | H226: 10AS5 | N226: Sáng | O226: 0 | P226: 0 | Q226: =U226 -> 0 | T226: =TRIM(F226&" "&G226&"_"&H226) -> Nguyễn Ngọc Gia Hân_10AS5 | U226: {=IFERROR(VLOOKUP($T226,'Nghi hoc T12'!$H$7:$I$160,2,0),0)} -> 0 | V226: =IFERROR(VLOOKUP($T226,No_HP!$B$2:$C$514,2,0),0) -> 0 | W226: =I226 -> 0 | X226: =O226 -> 0 | Y226: =P226 -> 0
A227: 7 | B227: =RIGHT(D227,LEN(D227)-2)&"."&LEFT(N227,1) -> 12A.S | C227: TH4 | D227: P.12A | E227: 100218 | F227: Trần Gia | G227: Hân | H227: 10AS6 | N227: Sáng | O227: 0 | P227: 0 | Q227: =U227 -> 0 | T227: =TRIM(F227&" "&G227&"_"&H227) -> Trần Gia Hân_10AS6 | U227: {=IFERROR(VLOOKUP($T227,'Nghi hoc T12'!$H$7:$I$160,2,0),0)} -> 0 | V227: =IFERROR(VLOOKUP($T227,No_HP!$B$2:$C$514,2,0),0) -> 0 | W227: =I227 -> 0 | X227: =O227 -> 0 | Y227: =P227 -> 0
A228: 8 | B228: =RIGHT(D228,LEN(D228)-2)&"."&LEFT(N228,1) -> 12A.S | C228: TH4 | D228: P.12A | E228: 100219 | F228: Lại Văn | G228: Hiếu | H228: 10AS7 | N228: Sáng | O228: 0 | P228: 0 | Q228: =U228 -> 0 | T228: =TRIM(F228&" "&G228&"_"&H228) -> Lại Văn Hiếu_10AS7 | U228: {=IFERROR(VLOOKUP($T228,'Nghi hoc T12'!$H$7:$I$160,2,0),0)} -> 0 | V228: =IFERROR(VLOOKUP($T228,No_HP!$B$2:$C$514,2,0),0) -> 0 | W228: =I228 -> 0 | X228: =O228 -> 0 | Y228: =P228 -> 0
A229: 9 | B229: =RIGHT(D229,LEN(D229)-2)&"."&LEFT(N229,1) -> 12A.S | C229: TH4 | D229: P.12A | E229: 100220 | F229: Ngô Trần Trọng | G229: Hiếu | H229: 10AS6 | N229: Sáng | O229: 0 | P229: 0 | Q229: =U229 -> 0 | T229: =TRIM(F229&" "&G229&"_"&H229) -> Ngô Trần Trọng Hiếu_10AS6 | U229: {=IFERROR(VLOOKUP($T229,'Nghi hoc T12'!$H$7:$I$160,2,0),0)} -> 0 | V229: =IFERROR(VLOOKUP($T229,No_HP!$B$2:$C$514,2,0),0) -> 0 | W229: =I229 -> 0 | X229: =O229 -> 0 | Y229: =P229 -> 0
A230: 10 | B230: =RIGHT(D230,LEN(D230)-2)&"."&LEFT(N230,1) -> 12A.S | C230: TH4 | D230: P.12A | E230: 100221 | F230: Nguyễn Thu | G230: Hòa | H230: 10AS5 | N230: Sáng | O230: 0 | P230: 0 | Q230: =U230 -> 0 | T230: =TRIM(F230&" "&G230&"_"&H230) -> Nguyễn Thu Hòa_10AS5 | U230: {=IFERROR(VLOOKUP($T230,'Nghi hoc T12'!$H$7:$I$160,2,0),0)} -> 0 | V230: =IFERROR(VLOOKUP($T230,No_HP!$B$2:$C$514,2,0),0) -> 0 | W230: =I230 -> 0 | X230: =O230 -> 0 | Y230: =P230 -> 0
A231: 11 | B231: =RIGHT(D231,LEN(D231)-2)&"."&LEFT(N231,1) -> 12A.S | C231: TH4 | D231: P.12A | E231: 100222 | F231: Lê Nhật Gia | G231: Hoàng | H231: 10AS7 | N231: Sáng | O231: 0 | P231: 0 | Q231: =U231 -> 0 | T231: =TRIM(F231&" "&G231&"_"&H231) -> Lê Nhật Gia Hoàng_10AS7 | U231: {=IFERROR(VLOOKUP($T231,'Nghi hoc T12'!$H$7:$I$160,2,0),0)} -> 0 | V231: =IFERROR(VLOOKUP($T231,No_HP!$B$2:$C$514,2,0),0) -> 0 | W231: =I231 -> 0 | X231: =O231 -> 0 | Y231: =P231 -> 0
A232: 12 | B232: =RIGHT(D232,LEN(D232)-2)&"."&LEFT(N232,1) -> 12A.S | C232: TH4 | D232: P.12A | E232: 100223 | F232: Phạm Nguyễn Huy | G232: Hoàng | H232: 10AS5 | N232: Sáng | O232: 0 | P232: 0 | Q232: =U232 -> 0 | T232: =TRIM(F232&" "&G232&"_"&H232) -> Phạm Nguyễn Huy Hoàng_10AS5 | U232: {=IFERROR(VLOOKUP($T232,'Nghi hoc T12'!$H$7:$I$160,2,0),0)} -> 0 | V232: =IFERROR(VLOOKUP($T232,No_HP!$B$2:$C$514,2,0),0) -> 0 | W232: =I232 -> 0 | X232: =O232 -> 0 | Y232: =P232 -> 0
... A354: 15 | B354: =RIGHT(D354,LEN(D354)-2)&"."&LEFT(N354,1) -> 7B.T | C354: TH4 | D354: P.7B | E354: 100346 | F354: Lưu Tuyết | G354: Đào | H354: 10AT2 | N354: Tối | O354: 0 | P354: 0 | Q354: =U354 -> 0 | T354: =TRIM(F354&" "&G354&"_"&H354) -> Lưu Tuyết Đào_10AT2 | U354: {=IFERROR(VLOOKUP($T354,'Nghi hoc T12'!$H$7:$I$160,2,0),0)} -> 0 | V354: =IFERROR(VLOOKUP($T354,No_HP!$B$2:$C$514,2,0),0) -> 0 | W354: =I354 -> 0 | X354: =O354 -> 0 | Y354: =P354 -> 0
A355: 16 | B355: =RIGHT(D355,LEN(D355)-2)&"."&LEFT(N355,1) -> 7B.T | C355: TH4 | D355: P.7B | E355: 100347 | F355: Lê Châu Tuấn | G355: Đạt | H355: 10AT1 | I355: Nghỉ học | N355: Tối | O355: 0 | P355: 0 | Q355: =U355 -> NgiH | T355: =TRIM(F355&" "&G355&"_"&H355) -> Lê Châu Tuấn Đạt_10AT1 | U355: {=IFERROR(VLOOKUP($T355,'Nghi hoc T12'!$H$7:$I$160,2,0),0)} -> NgiH | V355: =IFERROR(VLOOKUP($T355,No_HP!$B$2:$C$514,2,0),0) -> 0 | W355: =I355 -> Nghỉ học | X355: =O355 -> 0 | Y355: =P355 -> 0
A356: 17 | B356: =RIGHT(D356,LEN(D356)-2)&"."&LEFT(N356,1) -> 7B.T | C356: TH4 | D356: P.7B | E356: 100348 | F356: Nguyễn Tiến | G356: Đạt | H356: 10AT1 | N356: Tối | O356: 0 | P356: 0 | Q356: =U356 -> 0 | T356: =TRIM(F356&" "&G356&"_"&H356) -> Nguyễn Tiến Đạt_10AT1 | U356: {=IFERROR(VLOOKUP($T356,'Nghi hoc T12'!$H$7:$I$160,2,0),0)} -> 0 | V356: =IFERROR(VLOOKUP($T356,No_HP!$B$2:$C$514,2,0),0) -> 0 | W356: =I356 -> 0 | X356: =O356 -> 0 | Y356: =P356 -> 0
A357: 18 | B357: =RIGHT(D357,LEN(D357)-2)&"."&LEFT(N357,1) -> 7B.T | C357: TH4 | D357: P.7B | E357: 100349 | F357: Vũ Tấn | G357: Đạt | H357: 10AT2 | N357: Tối | O357: 0 | P357: 0 | Q357: =U357 -> 0 | T357: =TRIM(F357&" "&G357&"_"&H357) -> Vũ Tấn Đạt_10AT2 | U357: {=IFERROR(VLOOKUP($T357,'Nghi hoc T12'!$H$7:$I$160,2,0),0)} -> 0 | V357: =IFERROR(VLOOKUP($T357,No_HP!$B$2:$C$514,2,0),0) -> 0 | W357: =I357 -> 0 | X357: =O357 -> 0 | Y357: =P357 -> 0
A358: 19 | B358: =RIGHT(D358,LEN(D358)-2)&"."&LEFT(N358,1) -> 7B.T | C358: TH4 | D358: P.7B | E358: 100350 | F358: Nguyễn Văn | G358: Giang | H358: 10AT1 | N358: Tối | O358: 0 | P358: 0 | Q358: =U358 -> 0 | T358: =TRIM(F358&" "&G358&"_"&H358) -> Nguyễn Văn Giang_10AT1 | U358: {=IFERROR(VLOOKUP($T358,'Nghi hoc T12'!$H$7:$I$160,2,0),0)} -> 0 | V358: =IFERROR(VLOOKUP($T358,No_HP!$B$2:$C$514,2,0),0) -> 0 | W358: =I358 -> 0 | X358: =O358 -> 0 | Y358: =P358 -> 0
A359: 20 | B359: =RIGHT(D359,LEN(D359)-2)&"."&LEFT(N359,1) -> 7B.T | C359: TH4 | D359: P.7B | E359: 100351 | F359: Kpuih H | G359: Ha | H359: 10AT2 | N359: Tối | O359: 0 | P359: 0 | Q359: =U359 -> 0 | T359: =TRIM(F359&" "&G359&"_"&H359) -> Kpuih H Ha_10AT2 | U359: {=IFERROR(VLOOKUP($T359,'Nghi hoc T12'!$H$7:$I$160,2,0),0)} -> 0 | V359: =IFERROR(VLOOKUP($T359,No_HP!$B$2:$C$514,2,0),0) -> 0 | W359: =I359 -> 0 | X359: =O359 -> 0 | Y359: =P359 -> 0
A360: 21 | B360: =RIGHT(D360,LEN(D360)-2)&"."&LEFT(N360,1) -> 7B.T | C360: TH4 | D360: P.7B | E360: 100352 | F360: Chu Ngọc | G360: Hân | H360: 10AT1 | N360: Tối | O360: 0 | P360: 0 | Q360: =U360 -> 0 | T360: =TRIM(F360&" "&G360&"_"&H360) -> Chu Ngọc Hân_10AT1 | U360: {=IFERROR(VLOOKUP($T360,'Nghi hoc T12'!$H$7:$I$160,2,0),0)} -> 0 | V360: =IFERROR(VLOOKUP($T360,No_HP!$B$2:$C$514,2,0),0) -> 0 | W360: =I360 -> 0 | X360: =O360 -> 0 | Y360: =P360 -> 0
A361: 22 | B361: =RIGHT(D361,LEN(D361)-2)&"."&LEFT(N361,1) -> 7B.T | C361: TH4 | D361: P.7B | E361: 100353 | F361: Nguyễn Gia | G361: Hân | H361: 10AT2 | N361: Tối | O361: 0 | P361: 0 | Q361: =U361 -> 0 | T361: =TRIM(F361&" "&G361&"_"&H361) -> Nguyễn Gia Hân_10AT2 | U361: {=IFERROR(VLOOKUP($T361,'Nghi hoc T12'!$H$7:$I$160,2,0),0)} -> 0 | V361: =IFERROR(VLOOKUP($T361,No_HP!$B$2:$C$514,2,0),0) -> 0 | W361: =I361 -> 0 | X361: =O361 -> 0 | Y361: =P361 -> 0
A362: 23 | B362: =RIGHT(D362,LEN(D362)-2)&"."&LEFT(N362,1) -> 7B.T | C362: TH4 | D362: P.7B | E362: 100354 | F362: Lương Thái | G362: Hậu | H362: 10AT2 | N362: Tối | O362: 0 | P362: 0 | Q362: =U362 -> 0 | T362: =TRIM(F362&" "&G362&"_"&H362) -> Lương Thái Hậu_10AT2 | U362: {=IFERROR(VLOOKUP($T362,'Nghi hoc T12'!$H$7:$I$160,2,0),0)} -> 0 | V362: =IFERROR(VLOOKUP($T362,No_HP!$B$2:$C$514,2,0),0) -> 0 | W362: =I362 -> 0 | X362: =O362 -> 0 | Y362: =P362 -> 0
A363: 24 | B363: =RIGHT(D363,LEN(D363)-2)&"."&LEFT(N363,1) -> 7B.T | C363: TH4 | D363: P.7B | E363: 100355 | F363: Trần Trấn | G363: Hiên | H363: 10AT1 | N363: Tối | O363: 0 | P363: 0 | Q363: =U363 -> 0 | T363: =TRIM(F363&" "&G363&"_"&H363) -> Trần Trấn Hiên_10AT1 | U363: {=IFERROR(VLOOKUP($T363,'Nghi hoc T12'!$H$7:$I$160,2,0),0)} -> 0 | V363: =IFERROR(VLOOKUP($T363,No_HP!$B$2:$C$514,2,0),0) -> 0 | W363: =I363 -> 0 | X363: =O363 -> 0 | Y363: =P363 -> 0
A364: 25 | B364: =RIGHT(D364,LEN(D364)-2)&"."&LEFT(N364,1) -> 7B.T | C364: TH4 | D364: P.7B | E364: 100356 | F364: Nguyễn Trọng | G364: Hiếu | H364: 10AT1 | N364: Tối | O364: 0 | P364: 0 | Q364: =U364 -> 0 | T364: =TRIM(F364&" "&G364&"_"&H364) -> Nguyễn Trọng Hiếu_10AT1 | U364: {=IFERROR(VLOOKUP($T364,'Nghi hoc T12'!$H$7:$I$160,2,0),0)} -> 0 | V364: =IFERROR(VLOOKUP($T364,No_HP!$B$2:$C$514,2,0),0) -> 0 | W364: =I364 -> 0 | X364: =O364 -> 0 | Y364: =P364 -> 0
A365: 26 | B365: =RIGHT(D365,LEN(D365)-2)&"."&LEFT(N365,1) -> 7B.T | C365: TH4 | D365: P.7B | E365: 100357 | F365: Đặng Khải | G365: Huy | H365: 10AT2 | N365: Tối | O365: 0 | P365: 0 | Q365: =U365 -> 0 | T365: =TRIM(F365&" "&G365&"_"&H365) -> Đặng Khải Huy_10AT2 | U365: {=IFERROR(VLOOKUP($T365,'Nghi hoc T12'!$H$7:$I$160,2,0),0)} -> 0 | V365: =IFERROR(VLOOKUP($T365,No_HP!$B$2:$C$514,2,0),0) -> 0 | W365: =I365 -> 0 | X365: =O365 -> 0 | Y365: =P365 -> 0
A366: 27 | B366: =RIGHT(D366,LEN(D366)-2)&"."&LEFT(N366,1) -> 7B.T | C366: TH4 | D366: P.7B | E366: 100358 | F366: Trương Khắc | G366: Huy | H366: 10AT2 | N366: Tối | O366: 0 | P366: 0 | Q366: =U366 -> 0 | T366: =TRIM(F366&" "&G366&"_"&H366) -> Trương Khắc Huy_10AT2 | U366: {=IFERROR(VLOOKUP($T366,'Nghi hoc T12'!$H$7:$I$160,2,0),0)} -> 0 | V366: =IFERROR(VLOOKUP($T366,No_HP!$B$2:$C$514,2,0),0) -> 0 | W366: =I366 -> 0 | X366: =O366 -> 0 | Y366: =P366 -> 0
A367: 28 | B367: =RIGHT(D367,LEN(D367)-2)&"."&LEFT(N367,1) -> 7B.T | C367: TH4 | D367: P.7B | E367: 100359 | F367: Võ Nguyễn Hoàng | G367: Huy | H367: 10AT1 | N367: Tối | O367: 0 | P367: 0 | Q367: =U367 -> 0 | T367: =TRIM(F367&" "&G367&"_"&H367) -> Võ Nguyễn Hoàng Huy_10AT1 | U367: {=IFERROR(VLOOKUP($T367,'Nghi hoc T12'!$H$7:$I$160,2,0),0)} -> 0 | V367: =IFERROR(VLOOKUP($T367,No_HP!$B$2:$C$514,2,0),0) -> 0 | W367: =I367 -> 0 | X367: =O367 -> 0 | Y367: =P367 -> 0
... A743: 15 | B743: =RIGHT(D743,LEN(D743)-2)&"."&LEFT(N743,1) -> 7A.T | C743: TH2 | D743: P.7A | E743: 100735 | F743: Lê Đức | G743: Trọng | H743: 11AT3 | N743: Tối | O743: 0 | P743: 0 | Q743: =U743 -> 0 | T743: =TRIM(F743&" "&G743&"_"&H743) -> Lê Đức Trọng_11AT3 | U743: {=IFERROR(VLOOKUP($T743,'Nghi hoc T12'!$H$7:$I$160,2,0),0)} -> 0 | V743: =IFERROR(VLOOKUP($T743,No_HP!$B$2:$C$514,2,0),0) -> 0 | W743: =I743 -> 0 | X743: =O743 -> 0 | Y743: =P743 -> 0
A744: 16 | B744: =RIGHT(D744,LEN(D744)-2)&"."&LEFT(N744,1) -> 7A.T | C744: TH2 | D744: P.7A | E744: 100736 | F744: Trần Minh | G744: Trường | H744: 11AT4 | I744: Nghỉ học | N744: Tối | O744: 0 | P744: 0 | Q744: =U744 -> NgiH | T744: =TRIM(F744&" "&G744&"_"&H744) -> Trần Minh Trường_11AT4 | U744: NgiH | V744: =IFERROR(VLOOKUP($T744,No_HP!$B$2:$C$514,2,0),0) -> 0 | W744: =I744 -> Nghỉ học | X744: =O744 -> 0 | Y744: =P744 -> 0
A745: 17 | B745: =RIGHT(D745,LEN(D745)-2)&"."&LEFT(N745,1) -> 7A.T | C745: TH2 | D745: P.7A | E745: 100737 | F745: Trịnh Công | G745: Trường | H745: 11AT3 | N745: Tối | O745: 0 | P745: 0 | Q745: =U745 -> 0 | T745: =TRIM(F745&" "&G745&"_"&H745) -> Trịnh Công Trường_11AT3 | U745: {=IFERROR(VLOOKUP($T745,'Nghi hoc T12'!$H$7:$I$160,2,0),0)} -> 0 | V745: =IFERROR(VLOOKUP($T745,No_HP!$B$2:$C$514,2,0),0) -> 0 | W745: =I745 -> 0 | X745: =O745 -> 0 | Y745: =P745 -> 0
A746: 18 | B746: =RIGHT(D746,LEN(D746)-2)&"."&LEFT(N746,1) -> 7A.T | C746: TH2 | D746: P.7A | E746: 100738 | F746: Nguyễn Thanh | G746: Tú | H746: 11AT3 | N746: Tối | O746: 0 | P746: 0 | Q746: =U746 -> 0 | T746: =TRIM(F746&" "&G746&"_"&H746) -> Nguyễn Thanh Tú_11AT3 | U746: {=IFERROR(VLOOKUP($T746,'Nghi hoc T12'!$H$7:$I$160,2,0),0)} -> 0 | V746: =IFERROR(VLOOKUP($T746,No_HP!$B$2:$C$514,2,0),0) -> 0 | W746: =I746 -> 0 | X746: =O746 -> 0 | Y746: =P746 -> 0
A747: 19 | B747: =RIGHT(D747,LEN(D747)-2)&"."&LEFT(N747,1) -> 7A.T | C747: TH2 | D747: P.7A | E747: 100739 | F747: Trần Thị Cẩm | G747: Tú | H747: 11AT4 | N747: Tối | O747: 0 | P747: 0 | Q747: =U747 -> 0 | T747: =TRIM(F747&" "&G747&"_"&H747) -> Trần Thị Cẩm Tú_11AT4 | U747: {=IFERROR(VLOOKUP($T747,'Nghi hoc T12'!$H$7:$I$160,2,0),0)} -> 0 | V747: =IFERROR(VLOOKUP($T747,No_HP!$B$2:$C$514,2,0),0) -> 0 | W747: =I747 -> 0 | X747: =O747 -> 0 | Y747: =P747 -> 0
A748: 20 | B748: =RIGHT(D748,LEN(D748)-2)&"."&LEFT(N748,1) -> 7A.T | C748: TH2 | D748: P.7A | E748: 100740 | F748: Bùi Anh | G748: Tuấn | H748: 11AT4 | N748: Tối | O748: 0 | P748: 0 | Q748: =U748 -> 0 | T748: =TRIM(F748&" "&G748&"_"&H748) -> Bùi Anh Tuấn_11AT4 | U748: {=IFERROR(VLOOKUP($T748,'Nghi hoc T12'!$H$7:$I$160,2,0),0)} -> 0 | V748: =IFERROR(VLOOKUP($T748,No_HP!$B$2:$C$514,2,0),0) -> 0 | W748: =I748 -> 0 | X748: =O748 -> 0 | Y748: =P748 -> 0
A749: 21 | B749: =RIGHT(D749,LEN(D749)-2)&"."&LEFT(N749,1) -> 7A.T | C749: TH2 | D749: P.7A | E749: 100741 | F749: Lâm Văn | G749: Tuấn | H749: 11AT3 | N749: Tối | O749: 0 | P749: 0 | Q749: =U749 -> 0 | T749: =TRIM(F749&" "&G749&"_"&H749) -> Lâm Văn Tuấn_11AT3 | U749: {=IFERROR(VLOOKUP($T749,'Nghi hoc T12'!$H$7:$I$160,2,0),0)} -> 0 | V749: =IFERROR(VLOOKUP($T749,No_HP!$B$2:$C$514,2,0),0) -> 0 | W749: =I749 -> 0 | X749: =O749 -> 0 | Y749: =P749 -> 0
A750: 22 | B750: =RIGHT(D750,LEN(D750)-2)&"."&LEFT(N750,1) -> 7A.T | C750: TH2 | D750: P.7A | E750: 100742 | F750: Võ Anh | G750: Tuấn | H750: 11AT4 | N750: Tối | O750: 0 | P750: 0 | Q750: =U750 -> 0 | T750: =TRIM(F750&" "&G750&"_"&H750) -> Võ Anh Tuấn_11AT4 | U750: {=IFERROR(VLOOKUP($T750,'Nghi hoc T12'!$H$7:$I$160,2,0),0)} -> 0 | V750: =IFERROR(VLOOKUP($T750,No_HP!$B$2:$C$514,2,0),0) -> 0 | W750: =I750 -> 0 | X750: =O750 -> 0 | Y750: =P750 -> 0
A751: 23 | B751: =RIGHT(D751,LEN(D751)-2)&"."&LEFT(N751,1) -> 7A.T | C751: TH2 | D751: P.7A | E751: 100743 | F751: Vũ Ngọc Huy | G751: Tùng | H751: 11AT4 | N751: Tối | O751: 0 | P751: 0 | Q751: =U751 -> 0 | T751: =TRIM(F751&" "&G751&"_"&H751) -> Vũ Ngọc Huy Tùng_11AT4 | U751: {=IFERROR(VLOOKUP($T751,'Nghi hoc T12'!$H$7:$I$160,2,0),0)} -> 0 | V751: =IFERROR(VLOOKUP($T751,No_HP!$B$2:$C$514,2,0),0) -> 0 | W751: =I751 -> 0 | X751: =O751 -> 0 | Y751: =P751 -> 0
A752: 24 | B752: =RIGHT(D752,LEN(D752)-2)&"."&LEFT(N752,1) -> 7A.T | C752: TH2 | D752: P.7A | E752: 100744 | F752: Nguyễn Thị Cát | G752: Tuyền | H752: 11AT3 | N752: Tối | O752: 0 | P752: 0 | Q752: =U752 -> 0 | T752: =TRIM(F752&" "&G752&"_"&H752) -> Nguyễn Thị Cát Tuyền_11AT3 | U752: {=IFERROR(VLOOKUP($T752,'Nghi hoc T12'!$H$7:$I$160,2,0),0)} -> 0 | V752: =IFERROR(VLOOKUP($T752,No_HP!$B$2:$C$514,2,0),0) -> 0 | W752: =I752 -> 0 | X752: =O752 -> 0 | Y752: =P752 -> 0
A753: 25 | B753: =RIGHT(D753,LEN(D753)-2)&"."&LEFT(N753,1) -> 7A.T | C753: TH2 | D753: P.7A | E753: 100745 | F753: Vũ Ngọc Minh | G753: Tuyết | H753: 11AT3 | N753: Tối | O753: 0 | P753: 0 | Q753: =U753 -> 0 | T753: =TRIM(F753&" "&G753&"_"&H753) -> Vũ Ngọc Minh Tuyết_11AT3 | U753: {=IFERROR(VLOOKUP($T753,'Nghi hoc T12'!$H$7:$I$160,2,0),0)} -> 0 | V753: =IFERROR(VLOOKUP($T753,No_HP!$B$2:$C$514,2,0),0) -> 0 | W753: =I753 -> 0 | X753: =O753 -> 0 | Y753: =P753 -> 0
A754: 26 | B754: =RIGHT(D754,LEN(D754)-2)&"."&LEFT(N754,1) -> 7A.T | C754: TH2 | D754: P.7A | E754: 100746 | F754: Phạm Phương | G754: Uyên | H754: 11AT3 | N754: Tối | O754: 0 | P754: 0 | Q754: =U754 -> 0 | T754: =TRIM(F754&" "&G754&"_"&H754) -> Phạm Phương Uyên_11AT3 | U754: {=IFERROR(VLOOKUP($T754,'Nghi hoc T12'!$H$7:$I$160,2,0),0)} -> 0 | V754: =IFERROR(VLOOKUP($T754,No_HP!$B$2:$C$514,2,0),0) -> 0 | W754: =I754 -> 0 | X754: =O754 -> 0 | Y754: =P754 -> 0
A755: 27 | B755: =RIGHT(D755,LEN(D755)-2)&"."&LEFT(N755,1) -> 7A.T | C755: TH2 | D755: P.7A | E755: 100747 | F755: Nguyễn Thảo | G755: Vân | H755: 11AT4 | N755: Tối | O755: 0 | P755: 0 | Q755: =U755 -> 0 | T755: =TRIM(F755&" "&G755&"_"&H755) -> Nguyễn Thảo Vân_11AT4 | U755: {=IFERROR(VLOOKUP($T755,'Nghi hoc T12'!$H$7:$I$160,2,0),0)} -> 0 | V755: =IFERROR(VLOOKUP($T755,No_HP!$B$2:$C$514,2,0),0) -> 0 | W755: =I755 -> 0 | X755: =O755 -> 0 | Y755: =P755 -> 0
A756: 28 | B756: =RIGHT(D756,LEN(D756)-2)&"."&LEFT(N756,1) -> 7A.T | C756: TH2 | D756: P.7A | E756: 100748 | F756: Vũ Tường | G756: Vi | H756: 11AT3 | I756: Nghỉ học | N756: Tối | O756: 0 | P756: 0 | Q756: =U756 -> NgiH | T756: =TRIM(F756&" "&G756&"_"&H756) -> Vũ Tường Vi_11AT3 | U756: {=IFERROR(VLOOKUP($T756,'Nghi hoc T12'!$H$7:$I$160,2,0),0)} -> NgiH | V756: =IFERROR(VLOOKUP($T756,No_HP!$B$2:$C$514,2,0),0) -> 0 | W756: =I756 -> Nghỉ học | X756: =O756 -> 0 | Y756: =P756 -> 0
A757: 29 | B757: =RIGHT(D757,LEN(D757)-2)&"."&LEFT(N757,1) -> 7A.T | C757: TH2 | D757: P.7A | E757: 100749 | F757: Tô | G757: Vỹ | H757: 11AT3 | N757: Tối | O757: 0 | P757: 0 | Q757: =U757 -> 0 | T757: =TRIM(F757&" "&G757&"_"&H757) -> Tô Vỹ_11AT3 | U757: {=IFERROR(VLOOKUP($T757,'Nghi hoc T12'!$H$7:$I$160,2,0),0)} -> 0 | V757: =IFERROR(VLOOKUP($T757,No_HP!$B$2:$C$514,2,0),0) -> 0 | W757: =I757 -> 0 | X757: =O757 -> 0 | Y757: =P757 -> 0
A758: 30 | B758: =RIGHT(D758,LEN(D758)-2)&"."&LEFT(N758,1) -> 7A.T | C758: TH2 | D758: P.7A | E758: 100750 | F758: Nguyễn Thị Kim | G758: Yến | H758: 11AT4 | N758: Tối | O758: 0 | P758: 0 | Q758: =U758 -> 0 | T758: =TRIM(F758&" "&G758&"_"&H758) -> Nguyễn Thị Kim Yến_11AT4 | U758: {=IFERROR(VLOOKUP($T758,'Nghi hoc T12'!$H$7:$I$160,2,0),0)} -> 0 | V758: =IFERROR(VLOOKUP($T758,No_HP!$B$2:$C$514,2,0),0) -> 0 | W758: =I758 -> 0 | X758: =O758 -> 0 | Y758: =P758 -> 0
A759: 1 | B759: =RIGHT(D759,LEN(D759)-2)&"."&LEFT(N759,1) -> 9A.T | C759: TH3 | D759: P.9A | E759: 100751 | F759: Nguyễn Hoàng Nhã | G759: An | H759: 11AT5 | N759: Tối | O759: 0 | P759: 0 | Q759: =U759 -> 0 | T759: =TRIM(F759&" "&G759&"_"&H759) -> Nguyễn Hoàng Nhã An_11AT5 | U759: {=IFERROR(VLOOKUP($T759,'Nghi hoc T12'!$H$7:$I$160,2,0),0)} -> 0 | V759: =IFERROR(VLOOKUP($T759,No_HP!$B$2:$C$514,2,0),0) -> 0 | W759: =I759 -> 0 | X759: =O759 -> 0 | Y759: =P759 -> 0
A760: 2 | B760: =RIGHT(D760,LEN(D760)-2)&"."&LEFT(N760,1) -> 9A.T | C760: TH3 | D760: P.9A | E760: 100752 | F760: Huỳnh Thị Diệu | G760: Anh | H760: 11AT5 | N760: Tối | O760: 0 | P760: 0 | Q760: =U760 -> 0 | T760: =TRIM(F760&" "&G760&"_"&H760) -> Huỳnh Thị Diệu Anh_11AT5 | U760: {=IFERROR(VLOOKUP($T760,'Nghi hoc T12'!$H$7:$I$160,2,0),0)} -> 0 | V760: =IFERROR(VLOOKUP($T760,No_HP!$B$2:$C$514,2,0),0) -> 0 | W760: =I760 -> 0 | X760: =O760 -> 0 | Y760: =P760 -> 0
A761: 3 | B761: =RIGHT(D761,LEN(D761)-2)&"."&LEFT(N761,1) -> 9A.T | C761: TH3 | D761: P.9A | E761: 100753 | F761: Nguyễn Ngọc | G761: Anh | H761: 11AT6 | N761: Tối | O761: 0 | P761: 0 | Q761: =U761 -> 0 | T761: =TRIM(F761&" "&G761&"_"&H761) -> Nguyễn Ngọc Anh_11AT6 | U761: {=IFERROR(VLOOKUP($T761,'Nghi hoc T12'!$H$7:$I$160,2,0),0)} -> 0 | V761: =IFERROR(VLOOKUP($T761,No_HP!$B$2:$C$514,2,0),0) -> 0 | W761: =I761 -> 0 | X761: =O761 -> 0 | Y761: =P761 -> 0
A762: 4 | B762: =RIGHT(D762,LEN(D762)-2)&"."&LEFT(N762,1) -> 9A.T | C762: TH3 | D762: P.9A | E762: 100754 | F762: Võ Nguyễn Minh | G762: Anh | H762: 11AT5 | N762: Tối | O762: 0 | P762: 0 | Q762: =U762 -> 0 | T762: =TRIM(F762&" "&G762&"_"&H762) -> Võ Nguyễn Minh Anh_11AT5 | U762: {=IFERROR(VLOOKUP($T762,'Nghi hoc T12'!$H$7:$I$160,2,0),0)} -> 0 | V762: =IFERROR(VLOOKUP($T762,No_HP!$B$2:$C$514,2,0),0) -> 0 | W762: =I762 -> 0 | X762: =O762 -> 0 | Y762: =P762 -> 0
A763: 5 | B763: =RIGHT(D763,LEN(D763)-2)&"."&LEFT(N763,1) -> 9A.T | C763: TH3 | D763: P.9A | E763: 100755 | F763: Nguyễn Thị | G763: Biển | H763: 11AT6 | N763: Tối | O763: 0 | P763: 0 | Q763: =U763 -> 0 | T763: =TRIM(F763&" "&G763&"_"&H763) -> Nguyễn Thị Biển_11AT6 | U763: {=IFERROR(VLOOKUP($T763,'Nghi hoc T12'!$H$7:$I$160,2,0),0)} -> 0 | V763: =IFERROR(VLOOKUP($T763,No_HP!$B$2:$C$514,2,0),0) -> 0 | W763: =I763 -> 0 | X763: =O763 -> 0 | Y763: =P763 -> 0
A764: 6 | B764: =RIGHT(D764,LEN(D764)-2)&"."&LEFT(N764,1) -> 9A.T | C764: TH3 | D764: P.9A | E764: 100756 | F764: Nguyễn Bảo | G764: Châu | H764: 11AT6 | N764: Tối | O764: 0 | P764: 0 | Q764: =U764 -> 0 | T764: =TRIM(F764&" "&G764&"_"&H764) -> Nguyễn Bảo Châu_11AT6 | U764: {=IFERROR(VLOOKUP($T764,'Nghi hoc T12'!$H$7:$I$160,2,0),0)} -> 0 | V764: =IFERROR(VLOOKUP($T764,No_HP!$B$2:$C$514,2,0),0) -> 0 | W764: =I764 -> 0 | X764: =O764 -> 0 | Y764: =P764 -> 0
A765: 7 | B765: =RIGHT(D765,LEN(D765)-2)&"."&LEFT(N765,1) -> 9A.T | C765: TH3 | D765: P.9A | E765: 100757 | F765: Nguyễn Thiên | G765: Cơ | H765: 11AT6 | N765: Tối | O765: 0 | P765: 0 | Q765: =U765 -> 0 | T765: =TRIM(F765&" "&G765&"_"&H765) -> Nguyễn Thiên Cơ_11AT6 | U765: {=IFERROR(VLOOKUP($T765,'Nghi hoc T12'!$H$7:$I$160,2,0),0)} -> 0 | V765: =IFERROR(VLOOKUP($T765,No_HP!$B$2:$C$514,2,0),0) -> 0 | W765: =I765 -> 0 | X765: =O765 -> 0 | Y765: =P765 -> 0
A766: 8 | B766: =RIGHT(D766,LEN(D766)-2)&"."&LEFT(N766,1) -> 9A.T | C766: TH3 | D766: P.9A | E766: 100758 | F766: Nguyễn Thị Huyền | G766: Diệu | H766: 11AT5 | N766: Tối | O766: 0 | P766: 0 | Q766: =U766 -> 0 | T766: =TRIM(F766&" "&G766&"_"&H766) -> Nguyễn Thị Huyền Diệu_11AT5 | U766: {=IFERROR(VLOOKUP($T766,'Nghi hoc T12'!$H$7:$I$160,2,0),0)} -> 0 | V766: =IFERROR(VLOOKUP($T766,No_HP!$B$2:$C$514,2,0),0) -> 0 | W766: =I766 -> 0 | X766: =O766 -> 0 | Y766: =P766 -> 0
A767: 9 | B767: =RIGHT(D767,LEN(D767)-2)&"."&LEFT(N767,1) -> 9A.T | C767: TH3 | D767: P.9A | E767: 100759 | F767: Nguyễn Tiến | G767: Dủng | H767: 11AT5 | N767: Tối | O767: 0 | P767: 0 | Q767: =U767 -> 0 | T767: =TRIM(F767&" "&G767&"_"&H767) -> Nguyễn Tiến Dủng_11AT5 | U767: {=IFERROR(VLOOKUP($T767,'Nghi hoc T12'!$H$7:$I$160,2,0),0)} -> 0 | V767: =IFERROR(VLOOKUP($T767,No_HP!$B$2:$C$514,2,0),0) -> 0 | W767: =I767 -> 0 | X767: =O767 -> 0 | Y767: =P767 -> 0
A768: 10 | B768: =RIGHT(D768,LEN(D768)-2)&"."&LEFT(N768,1) -> 9A.T | C768: TH3 | D768: P.9A | E768: 100760 | F768: Nguyễn Trần Nam | G768: Dương | H768: 11AT5 | N768: Tối | O768: 0 | P768: 0 | Q768: =U768 -> 0 | T768: =TRIM(F768&" "&G768&"_"&H768) -> Nguyễn Trần Nam Dương_11AT5 | U768: {=IFERROR(VLOOKUP($T768,'Nghi hoc T12'!$H$7:$I$160,2,0),0)} -> 0 | V768: =IFERROR(VLOOKUP($T768,No_HP!$B$2:$C$514,2,0),0) -> 0 | W768: =I768 -> 0 | X768: =O768 -> 0 | Y768: =P768 -> 0
... A849: 28 | B849: =RIGHT(D849,LEN(D849)-2)&"."&LEFT(N849,1) -> 11A.T | C849: TH3 | D849: P.11A | E849: 100841 | F849: Đồng Võ Uyên | G849: Vy | H849: 11AT6 | N849: Tối | O849: 0 | P849: 0 | Q849: =U849 -> 0 | T849: =TRIM(F849&" "&G849&"_"&H849) -> Đồng Võ Uyên Vy_11AT6 | U849: {=IFERROR(VLOOKUP($T849,'Nghi hoc T12'!$H$7:$I$160,2,0),0)} -> 0 | V849: =IFERROR(VLOOKUP($T849,No_HP!$B$2:$C$514,2,0),0) -> 0 | W849: =I849 -> 0 | X849: =O849 -> 0 | Y849: =P849 -> 0
A850: 29 | B850: =RIGHT(D850,LEN(D850)-2)&"."&LEFT(N850,1) -> 11A.T | C850: TH3 | D850: P.11A | E850: 100842 | F850: Hà Thị Khánh | G850: Vy | H850: 11AT5 | I850: Nghỉ học | N850: Tối | O850: 0 | P850: 0 | Q850: =U850 -> NgiH | T850: =TRIM(F850&" "&G850&"_"&H850) -> Hà Thị Khánh Vy_11AT5 | U850: {=IFERROR(VLOOKUP($T850,'Nghi hoc T12'!$H$7:$I$160,2,0),0)} -> NgiH | V850: =IFERROR(VLOOKUP($T850,No_HP!$B$2:$C$514,2,0),0) -> 0 | W850: =I850 -> Nghỉ học | X850: =O850 -> 0 | Y850: =P850 -> 0
A851: 30 | B851: =RIGHT(D851,LEN(D851)-2)&"."&LEFT(N851,1) -> 11A.T | C851: TH3 | D851: P.11A | E851: 100843 | F851: Dương Phạm Hải | G851: Yến | H851: 11AT6 | N851: Tối | O851: 0 | P851: 0 | Q851: =U851 -> 0 | T851: =TRIM(F851&" "&G851&"_"&H851) -> Dương Phạm Hải Yến_11AT6 | U851: {=IFERROR(VLOOKUP($T851,'Nghi hoc T12'!$H$7:$I$160,2,0),0)} -> 0 | V851: =IFERROR(VLOOKUP($T851,No_HP!$B$2:$C$514,2,0),0) -> 0 | W851: =I851 -> 0 | X851: =O851 -> 0 | Y851: =P851 -> 0
A852: 31 | B852: =RIGHT(D852,LEN(D852)-2)&"."&LEFT(N852,1) -> 11A.T | C852: TH3 | D852: P.11A | E852: 100844 | F852: Tống Cát Hoàng | G852: Yến | H852: 11AT5 | N852: Tối | O852: 0 | P852: 0 | Q852: =U852 -> 0 | T852: =TRIM(F852&" "&G852&"_"&H852) -> Tống Cát Hoàng Yến_11AT5 | U852: {=IFERROR(VLOOKUP($T852,'Nghi hoc T12'!$H$7:$I$160,2,0),0)} -> 0 | V852: =IFERROR(VLOOKUP($T852,No_HP!$B$2:$C$514,2,0),0) -> 0 | W852: =I852 -> 0 | X852: =O852 -> 0 | Y852: =P852 -> 0
A853: 1 | B853: =RIGHT(D853,LEN(D853)-2)&"."&LEFT(N853,1) -> 12A.T | C853: TH5 | D853: P.12A | E853: 100845 | F853: Nguyễn Tấn | G853: An | H853: 11AT8 | N853: Tối | O853: 0 | P853: 0 | Q853: 0 | T853: =TRIM(F853&" "&G853&"_"&H853) -> Nguyễn Tấn An_11AT8 | U853: {=IFERROR(VLOOKUP($T853,'Nghi hoc T12'!$H$7:$I$160,2,0),0)} -> 0 | V853: =IFERROR(VLOOKUP($T853,No_HP!$B$2:$C$514,2,0),0) -> 0 | W853: =I853 -> 0 | X853: =O853 -> 0 | Y853: =P853 -> 0
A854: 2 | B854: =RIGHT(D854,LEN(D854)-2)&"."&LEFT(N854,1) -> 12A.T | C854: TH5 | D854: P.12A | E854: 100846 | F854: Trần Quốc | G854: An | H854: 11AT7 | N854: Tối | O854: 0 | P854: 0 | Q854: 0 | T854: =TRIM(F854&" "&G854&"_"&H854) -> Trần Quốc An_11AT7 | U854: {=IFERROR(VLOOKUP($T854,'Nghi hoc T12'!$H$7:$I$160,2,0),0)} -> 0 | V854: =IFERROR(VLOOKUP($T854,No_HP!$B$2:$C$514,2,0),0) -> 0 | W854: =I854 -> 0 | X854: =O854 -> 0 | Y854: =P854 -> 0
A855: 3 | B855: =RIGHT(D855,LEN(D855)-2)&"."&LEFT(N855,1) -> 12A.T | C855: TH5 | D855: P.12A | E855: 100847 | F855: Hà Kiều | G855: Anh | H855: 11AT7 | N855: Tối | O855: 0 | P855: 0 | Q855: 0 | T855: =TRIM(F855&" "&G855&"_"&H855) -> Hà Kiều Anh_11AT7 | U855: {=IFERROR(VLOOKUP($T855,'Nghi hoc T12'!$H$7:$I$160,2,0),0)} -> 0 | V855: =IFERROR(VLOOKUP($T855,No_HP!$B$2:$C$514,2,0),0) -> 0 | W855: =I855 -> 0 | X855: =O855 -> 0 | Y855: =P855 -> 0
A856: 4 | B856: =RIGHT(D856,LEN(D856)-2)&"."&LEFT(N856,1) -> 12A.T | C856: TH5 | D856: P.12A | E856: 100848 | F856: Khiếu Nguyễn Phương | G856: Anh | H856: 11AT8 | N856: Tối | O856: 0 | P856: 0 | Q856: 0 | T856: =TRIM(F856&" "&G856&"_"&H856) -> Khiếu Nguyễn Phương Anh_11AT8 | U856: {=IFERROR(VLOOKUP($T856,'Nghi hoc T12'!$H$7:$I$160,2,0),0)} -> 0 | V856: =IFERROR(VLOOKUP($T856,No_HP!$B$2:$C$514,2,0),0) -> 0 | W856: =I856 -> 0 | X856: =O856 -> 0 | Y856: =P856 -> 0
A857: 5 | B857: =RIGHT(D857,LEN(D857)-2)&"."&LEFT(N857,1) -> 12A.T | C857: TH5 | D857: P.12A | E857: 100849 | F857: Ngô Quốc | G857: Anh | H857: 11AT7 | N857: Tối | O857: 0 | P857: 0 | Q857: 0 | T857: =TRIM(F857&" "&G857&"_"&H857) -> Ngô Quốc Anh_11AT7 | U857: {=IFERROR(VLOOKUP($T857,'Nghi hoc T12'!$H$7:$I$160,2,0),0)} -> 0 | V857: =IFERROR(VLOOKUP($T857,No_HP!$B$2:$C$514,2,0),0) -> 0 | W857: =I857 -> 0 | X857: =O857 -> 0 | Y857: =P857 -> 0
A858: 6 | B858: =RIGHT(D858,LEN(D858)-2)&"."&LEFT(N858,1) -> 12A.T | C858: TH5 | D858: P.12A | E858: 100850 | F858: Ngô Tuấn | G858: Anh | H858: 11AT8 | N858: Tối | O858: 0 | P858: 0 | Q858: 0 | T858: =TRIM(F858&" "&G858&"_"&H858) -> Ngô Tuấn Anh_11AT8 | U858: {=IFERROR(VLOOKUP($T858,'Nghi hoc T12'!$H$7:$I$160,2,0),0)} -> 0 | V858: =IFERROR(VLOOKUP($T858,No_HP!$B$2:$C$514,2,0),0) -> 0 | W858: =I858 -> 0 | X858: =O858 -> 0 | Y858: =P858 -> 0
A859: 7 | B859: =RIGHT(D859,LEN(D859)-2)&"."&LEFT(N859,1) -> 12A.T | C859: TH5 | D859: P.12A | E859: 100851 | F859: Nguyễn Quốc | G859: Anh | H859: 11AT7 | N859: Tối | O859: 0 | P859: 0 | Q859: 0 | T859: =TRIM(F859&" "&G859&"_"&H859) -> Nguyễn Quốc Anh_11AT7 | U859: {=IFERROR(VLOOKUP($T859,'Nghi hoc T12'!$H$7:$I$160,2,0),0)} -> 0 | V859: =IFERROR(VLOOKUP($T859,No_HP!$B$2:$C$514,2,0),0) -> 0 | W859: =I859 -> 0 | X859: =O859 -> 0 | Y859: =P859 -> 0
A860: 8 | B860: =RIGHT(D860,LEN(D860)-2)&"."&LEFT(N860,1) -> 12A.T | C860: TH5 | D860: P.12A | E860: 100852 | F860: Trần Nguyễn Hoàng | G860: Anh | H860: 11AT8 | N860: Tối | O860: 0 | P860: 0 | Q860: 0 | T860: =TRIM(F860&" "&G860&"_"&H860) -> Trần Nguyễn Hoàng Anh_11AT8 | U860: {=IFERROR(VLOOKUP($T860,'Nghi hoc T12'!$H$7:$I$160,2,0),0)} -> 0 | V860: =IFERROR(VLOOKUP($T860,No_HP!$B$2:$C$514,2,0),0) -> 0 | W860: =I860 -> 0 | X860: =O860 -> 0 | Y860: =P860 -> 0
A861: 9 | B861: =RIGHT(D861,LEN(D861)-2)&"."&LEFT(N861,1) -> 12A.T | C861: TH5 | D861: P.12A | E861: 100853 | F861: Trần Phương | G861: Anh | H861: 11AT7 | N861: Tối | O861: 0 | P861: 0 | Q861: 0 | T861: =TRIM(F861&" "&G861&"_"&H861) -> Trần Phương Anh_11AT7 | U861: {=IFERROR(VLOOKUP($T861,'Nghi hoc T12'!$H$7:$I$160,2,0),0)} -> 0 | V861: =IFERROR(VLOOKUP($T861,No_HP!$B$2:$C$514,2,0),0) -> 0 | W861: =I861 -> 0 | X861: =O861 -> 0 | Y861: =P861 -> 0
A862: 10 | B862: =RIGHT(D862,LEN(D862)-2)&"."&LEFT(N862,1) -> 12A.T | C862: TH5 | D862: P.12A | E862: 100854 | F862: Lê Dương Nguyên | G862: Ân | H862: 11AT8 | N862: Tối | O862: 0 | P862: 0 | Q862: 0 | T862: =TRIM(F862&" "&G862&"_"&H862) -> Lê Dương Nguyên Ân_11AT8 | U862: {=IFERROR(VLOOKUP($T862,'Nghi hoc T12'!$H$7:$I$160,2,0),0)} -> 0 | V862: =IFERROR(VLOOKUP($T862,No_HP!$B$2:$C$514,2,0),0) -> 0 | W862: =I862 -> 0 | X862: =O862 -> 0 | Y862: =P862 -> 0
...

Sheet In_DS
A1: SỞ GD&ĐT TP HỒ CHÍ MINH | E1: CỘNG HÒA XÃ HỘI CHỦ NGHĨA VIỆT NAM | O1: K10 | P1: K11 | Q1: K12 | R1: KT | S1: VH
A2: TRUNG TÂM GDNN - GDTX THỦ ĐỨC | E2: Độc lập - Tự do - Hạnh phúc | M2: KH/PHÒNG | N2: TỪ | O2: 1 | P2: 18 | Q2: 36 | R2: 62 | S2: 83
N3: ĐẾN | O3: 17 | P3: 35 | Q3: 61 | R3: 82 | S3: 114
A4: DANH SÁCH KIỂM TRA CUỐI HKI/ NH 25-26 | F4: =VLOOKUP($L$5,TH_P.thi!$A$18:$T$165,19,0) -> TỔ HỢP 5 (11AT7,8) | L4: KH/phòng
A5: =VLOOKUP($L$5,TH_P.thi!$A$2:$T$165,20,0) -> NGÀY THI: 22+23/12/2025 | G5: PHÒNG THI: | I5: =VLOOKUP($L5,$T$8:$U$166,2,0) -> 12A | L5: 33
L6: =VLOOKUP($L$5,$T$8:$V$42,3,0) -> 12A.T
A7: Stt | B7: Phòng thi | C7: SBD | D7: Họ | E7: Tên | F7: Lớp | G7: Ghi chú | H7: MÔN THI | M7: Khuyết tật | N7: Mức độ | O7: Nghỉ học (NgiH) | P7: Chưa đóng HP | S7: Stt | T7: KH/phòng | U7: Phòng
H8: =VLOOKUP($L5,TH_P.thi!$A$18:$T$165,9,0) -> Thứ Hai (22/12) | J8: =VLOOKUP($L5,TH_P.thi!$A$18:$T$165,10,0) -> Thứ Ba (23/12) | M8: 11 | N8: 12 | O8: 13 | P8: 14 | S8: 1 | T8: 18 | U8: {=IFERROR(VLOOKUP($T8,TH_P.thi!$A$18:$P$165,3,0),0)} -> 4B | V8: {=IFERROR(VLOOKUP($T8,TH_P.thi!$A$18:$P$165,6,0),0)} -> 4B.S
H9: =VLOOKUP($L$5,TH_P.thi!$A$5:$T$165,13,0) -> VĂN | I9: =VLOOKUP($L$5,TH_P.thi!$A$5:$T$165,14,0) -> KT-PL | J9: =VLOOKUP($L$5,TH_P.thi!$A$5:$T$165,15,0) -> TOÁN | K9: =VLOOKUP($L$5,TH_P.thi!$A$5:$T$165,16,0) -> SỬ | S9: 2 | T9: =T8+1 -> 19 | U9: {=IFERROR(VLOOKUP($T9,TH_P.thi!$A$18:$P$165,3,0),0)} -> 5B | V9: {=IFERROR(VLOOKUP($T9,TH_P.thi!$A$18:$P$165,6,0),0)} -> 5B.S
A10: 1 | B10: {=IFERROR(INDEX('DS_Tong_12AS-AT-VH'!$A$9:$I$3045,MATCH(1,(In_DS!$A10='DS_Tong_12AS-AT-VH'!$A$9:$A$3045)*($L$6='DS_Tong_12AS-AT-VH'!$B$9:$B$3045),0),4),0)} -> P.12A | C10: {=IFERROR(INDEX('DS_Tong_12AS-AT-VH'!$A$9:$I$3045,MATCH(1,(In_DS!$A10='DS_Tong_12AS-AT-VH'!$A$9:$A$3045)*($L$6='DS_Tong_12AS-AT-VH'!$B$9:$B$3045),0),5),0)} -> 100845 | D10: =IFERROR(VLOOKUP($C10,'DS_Tong_12AS-AT-VH'!$E$9:$I$3024,2,0),0) -> Nguyễn Tấn | E10: =IFERROR(VLOOKUP($C10,'DS_Tong_12AS-AT-VH'!$E$9:$I$3024,3,0),0) -> An | F10: =IFERROR(VLOOKUP($C10,'DS_Tong_12AS-AT-VH'!$E$9:$I$3024,4,0),0) -> 11AT8 | G10: =IFERROR(VLOOKUP($C10,'DS_Tong_12AS-AT-VH'!$E$9:$I$3024,5,0),0) -> 0 | M10: =IFERROR(VLOOKUP($C10,'DS_Tong_12AS-AT-VH'!$E$9:$S$3024,$M$8),0) -> 0 | N10: =IFERROR(VLOOKUP($C10,'DS_Tong_12AS-AT-VH'!$E$9:$S$3024,$N$8),0) -> 0 | O10: =IFERROR(VLOOKUP($C10,'DS_Tong_12AS-AT-VH'!$E$9:$S$3024,$O$8),0) -> 0 | P10: =IFERROR(VLOOKUP($C10,'DS_Tong_12AS-AT-VH'!$E$9:$S$3024,$P$8),0) -> 0 | S10: 3 | T10: =T9+1 -> 20 | U10: {=IFERROR(VLOOKUP($T10,TH_P.thi!$A$18:$P$165,3,0),0)} -> 6B | V10: {=IFERROR(VLOOKUP($T10,TH_P.thi!$A$18:$P$165,6,0),0)} -> 6B.S
A11: 2 | B11: {=IFERROR(INDEX('DS_Tong_12AS-AT-VH'!$A$9:$I$3045,MATCH(1,(In_DS!$A11='DS_Tong_12AS-AT-VH'!$A$9:$A$3045)*($L$6='DS_Tong_12AS-AT-VH'!$B$9:$B$3045),0),4),0)} -> P.12A | C11: {=IFERROR(INDEX('DS_Tong_12AS-AT-VH'!$A$9:$I$3045,MATCH(1,(In_DS!$A11='DS_Tong_12AS-AT-VH'!$A$9:$A$3045)*($L$6='DS_Tong_12AS-AT-VH'!$B$9:$B$3045),0),5),0)} -> 100846 | D11: =IFERROR(VLOOKUP($C11,'DS_Tong_12AS-AT-VH'!$E$9:$I$3024,2,0),0) -> Trần Quốc | E11: =IFERROR(VLOOKUP($C11,'DS_Tong_12AS-AT-VH'!$E$9:$I$3024,3,0),0) -> An | F11: =IFERROR(VLOOKUP($C11,'DS_Tong_12AS-AT-VH'!$E$9:$I$3024,4,0),0) -> 11AT7 | G11: =IFERROR(VLOOKUP($C11,'DS_Tong_12AS-AT-VH'!$E$9:$I$3024,5,0),0) -> 0 | M11: =IFERROR(VLOOKUP($C11,'DS_Tong_12AS-AT-VH'!$E$9:$S$3024,$M$8),0) -> 0 | N11: =IFERROR(VLOOKUP($C11,'DS_Tong_12AS-AT-VH'!$E$9:$S$3024,$N$8),0) -> 0 | O11: =IFERROR(VLOOKUP($C11,'DS_Tong_12AS-AT-VH'!$E$9:$S$3024,$O$8),0) -> 0 | P11: =IFERROR(VLOOKUP($C11,'DS_Tong_12AS-AT-VH'!$E$9:$S$3024,$P$8),0) -> 0 | S11: 4 | T11: =T10+1 -> 21 | U11: {=IFERROR(VLOOKUP($T11,TH_P.thi!$A$18:$P$165,3,0),0)} -> 7B | V11: {=IFERROR(VLOOKUP($T11,TH_P.thi!$A$18:$P$165,6,0),0)} -> 7B.S
A12: 3 | B12: {=IFERROR(INDEX('DS_Tong_12AS-AT-VH'!$A$9:$I$3045,MATCH(1,(In_DS!$A12='DS_Tong_12AS-AT-VH'!$A$9:$A$3045)*($L$6='DS_Tong_12AS-AT-VH'!$B$9:$B$3045),0),4),0)} -> P.12A | C12: {=IFERROR(INDEX('DS_Tong_12AS-AT-VH'!$A$9:$I$3045,MATCH(1,(In_DS!$A12='DS_Tong_12AS-AT-VH'!$A$9:$A$3045)*($L$6='DS_Tong_12AS-AT-VH'!$B$9:$B$3045),0),5),0)} -> 100847 | D12: =IFERROR(VLOOKUP($C12,'DS_Tong_12AS-AT-VH'!$E$9:$I$3024,2,0),0) -> Hà Kiều | E12: =IFERROR(VLOOKUP($C12,'DS_Tong_12AS-AT-VH'!$E$9:$I$3024,3,0),0) -> Anh | F12: =IFERROR(VLOOKUP($C12,'DS_Tong_12AS-AT-VH'!$E$9:$I$3024,4,0),0) -> 11AT7 | G12: =IFERROR(VLOOKUP($C12,'DS_Tong_12AS-AT-VH'!$E$9:$I$3024,5,0),0) -> 0 | M12: =IFERROR(VLOOKUP($C12,'DS_Tong_12AS-AT-VH'!$E$9:$S$3024,$M$8),0) -> 0 | N12: =IFERROR(VLOOKUP($C12,'DS_Tong_12AS-AT-VH'!$E$9:$S$3024,$N$8),0) -> 0 | O12: =IFERROR(VLOOKUP($C12,'DS_Tong_12AS-AT-VH'!$E$9:$S$3024,$O$8),0) -> 0 | P12: =IFERROR(VLOOKUP($C12,'DS_Tong_12AS-AT-VH'!$E$9:$S$3024,$P$8),0) -> 0 | S12: 5 | T12: =T11+1 -> 22 | U12: {=IFERROR(VLOOKUP($T12,TH_P.thi!$A$18:$P$165,3,0),0)} -> 8B | V12: {=IFERROR(VLOOKUP($T12,TH_P.thi!$A$18:$P$165,6,0),0)} -> 8B.S
A13: 4 | B13: {=IFERROR(INDEX('DS_Tong_12AS-AT-VH'!$A$9:$I$3045,MATCH(1,(In_DS!$A13='DS_Tong_12AS-AT-VH'!$A$9:$A$3045)*($L$6='DS_Tong_12AS-AT-VH'!$B$9:$B$3045),0),4),0)} -> P.12A | C13: {=IFERROR(INDEX('DS_Tong_12AS-AT-VH'!$A$9:$I$3045,MATCH(1,(In_DS!$A13='DS_Tong_12AS-AT-VH'!$A$9:$A$3045)*($L$6='DS_Tong_12AS-AT-VH'!$B$9:$B$3045),0),5),0)} -> 100848 | D13: =IFERROR(VLOOKUP($C13,'DS_Tong_12AS-AT-VH'!$E$9:$I$3024,2,0),0) -> Khiếu Nguyễn Phương | E13: =IFERROR(VLOOKUP($C13,'DS_Tong_12AS-AT-VH'!$E$9:$I$3024,3,0),0) -> Anh | F13: =IFERROR(VLOOKUP($C13,'DS_Tong_12AS-AT-VH'!$E$9:$I$3024,4,0),0) -> 11AT8 | G13: =IFERROR(VLOOKUP($C13,'DS_Tong_12AS-AT-VH'!$E$9:$I$3024,5,0),0) -> 0 | M13: =IFERROR(VLOOKUP($C13,'DS_Tong_12AS-AT-VH'!$E$9:$S$3024,$M$8),0) -> 0 | N13: =IFERROR(VLOOKUP($C13,'DS_Tong_12AS-AT-VH'!$E$9:$S$3024,$N$8),0) -> 0 | O13: =IFERROR(VLOOKUP($C13,'DS_Tong_12AS-AT-VH'!$E$9:$S$3024,$O$8),0) -> 0 | P13: =IFERROR(VLOOKUP($C13,'DS_Tong_12AS-AT-VH'!$E$9:$S$3024,$P$8),0) -> 0 | S13: 6 | T13: =T12+1 -> 23 | U13: {=IFERROR(VLOOKUP($T13,TH_P.thi!$A$18:$P$165,3,0),0)} -> 1A | V13: {=IFERROR(VLOOKUP($T13,TH_P.thi!$A$18:$P$165,6,0),0)} -> 1A.T
A14: 5 | B14: {=IFERROR(INDEX('DS_Tong_12AS-AT-VH'!$A$9:$I$3045,MATCH(1,(In_DS!$A14='DS_Tong_12AS-AT-VH'!$A$9:$A$3045)*($L$6='DS_Tong_12AS-AT-VH'!$B$9:$B$3045),0),4),0)} -> P.12A | C14: {=IFERROR(INDEX('DS_Tong_12AS-AT-VH'!$A$9:$I$3045,MATCH(1,(In_DS!$A14='DS_Tong_12AS-AT-VH'!$A$9:$A$3045)*($L$6='DS_Tong_12AS-AT-VH'!$B$9:$B$3045),0),5),0)} -> 100849 | D14: =IFERROR(VLOOKUP($C14,'DS_Tong_12AS-AT-VH'!$E$9:$I$3024,2,0),0) -> Ngô Quốc | E14: =IFERROR(VLOOKUP($C14,'DS_Tong_12AS-AT-VH'!$E$9:$I$3024,3,0),0) -> Anh | F14: =IFERROR(VLOOKUP($C14,'DS_Tong_12AS-AT-VH'!$E$9:$I$3024,4,0),0) -> 11AT7 | G14: =IFERROR(VLOOKUP($C14,'DS_Tong_12AS-AT-VH'!$E$9:$I$3024,5,0),0) -> 0 | M14: =IFERROR(VLOOKUP($C14,'DS_Tong_12AS-AT-VH'!$E$9:$S$3024,$M$8),0) -> 0 | N14: =IFERROR(VLOOKUP($C14,'DS_Tong_12AS-AT-VH'!$E$9:$S$3024,$N$8),0) -> 0 | O14: =IFERROR(VLOOKUP($C14,'DS_Tong_12AS-AT-VH'!$E$9:$S$3024,$O$8),0) -> 0 | P14: =IFERROR(VLOOKUP($C14,'DS_Tong_12AS-AT-VH'!$E$9:$S$3024,$P$8),0) -> 0 | S14: 7 | T14: =T13+1 -> 24 | U14: {=IFERROR(VLOOKUP($T14,TH_P.thi!$A$18:$P$165,3,0),0)} -> 2A | V14: {=IFERROR(VLOOKUP($T14,TH_P.thi!$A$18:$P$165,6,0),0)} -> 2A.T
A15: 6 | B15: {=IFERROR(INDEX('DS_Tong_12AS-AT-VH'!$A$9:$I$3045,MATCH(1,(In_DS!$A15='DS_Tong_12AS-AT-VH'!$A$9:$A$3045)*($L$6='DS_Tong_12AS-AT-VH'!$B$9:$B$3045),0),4),0)} -> P.12A | C15: {=IFERROR(INDEX('DS_Tong_12AS-AT-VH'!$A$9:$I$3045,MATCH(1,(In_DS!$A15='DS_Tong_12AS-AT-VH'!$A$9:$A$3045)*($L$6='DS_Tong_12AS-AT-VH'!$B$9:$B$3045),0),5),0)} -> 100850 | D15: =IFERROR(VLOOKUP($C15,'DS_Tong_12AS-AT-VH'!$E$9:$I$3024,2,0),0) -> Ngô Tuấn | E15: =IFERROR(VLOOKUP($C15,'DS_Tong_12AS-AT-VH'!$E$9:$I$3024,3,0),0) -> Anh | F15: =IFERROR(VLOOKUP($C15,'DS_Tong_12AS-AT-VH'!$E$9:$I$3024,4,0),0) -> 11AT8 | G15: =IFERROR(VLOOKUP($C15,'DS_Tong_12AS-AT-VH'!$E$9:$I$3024,5,0),0) -> 0 | M15: =IFERROR(VLOOKUP($C15,'DS_Tong_12AS-AT-VH'!$E$9:$S$3024,$M$8),0) -> 0 | N15: =IFERROR(VLOOKUP($C15,'DS_Tong_12AS-AT-VH'!$E$9:$S$3024,$N$8),0) -> 0 | O15: =IFERROR(VLOOKUP($C15,'DS_Tong_12AS-AT-VH'!$E$9:$S$3024,$O$8),0) -> 0 | P15: =IFERROR(VLOOKUP($C15,'DS_Tong_12AS-AT-VH'!$E$9:$S$3024,$P$8),0) -> 0 | S15: 8 | T15: =T14+1 -> 25 | U15: {=IFERROR(VLOOKUP($T15,TH_P.thi!$A$18:$P$165,3,0),0)} -> 3A | V15: {=IFERROR(VLOOKUP($T15,TH_P.thi!$A$18:$P$165,6,0),0)} -> 3A.T
A16: 7 | B16: {=IFERROR(INDEX('DS_Tong_12AS-AT-VH'!$A$9:$I$3045,MATCH(1,(In_DS!$A16='DS_Tong_12AS-AT-VH'!$A$9:$A$3045)*($L$6='DS_Tong_12AS-AT-VH'!$B$9:$B$3045),0),4),0)} -> P.12A | C16: {=IFERROR(INDEX('DS_Tong_12AS-AT-VH'!$A$9:$I$3045,MATCH(1,(In_DS!$A16='DS_Tong_12AS-AT-VH'!$A$9:$A$3045)*($L$6='DS_Tong_12AS-AT-VH'!$B$9:$B$3045),0),5),0)} -> 100851 | D16: =IFERROR(VLOOKUP($C16,'DS_Tong_12AS-AT-VH'!$E$9:$I$3024,2,0),0) -> Nguyễn Quốc | E16: =IFERROR(VLOOKUP($C16,'DS_Tong_12AS-AT-VH'!$E$9:$I$3024,3,0),0) -> Anh | F16: =IFERROR(VLOOKUP($C16,'DS_Tong_12AS-AT-VH'!$E$9:$I$3024,4,0),0) -> 11AT7 | G16: =IFERROR(VLOOKUP($C16,'DS_Tong_12AS-AT-VH'!$E$9:$I$3024,5,0),0) -> 0 | M16: =IFERROR(VLOOKUP($C16,'DS_Tong_12AS-AT-VH'!$E$9:$S$3024,$M$8),0) -> 0 | N16: =IFERROR(VLOOKUP($C16,'DS_Tong_12AS-AT-VH'!$E$9:$S$3024,$N$8),0) -> 0 | O16: =IFERROR(VLOOKUP($C16,'DS_Tong_12AS-AT-VH'!$E$9:$S$3024,$O$8),0) -> 0 | P16: =IFERROR(VLOOKUP($C16,'DS_Tong_12AS-AT-VH'!$E$9:$S$3024,$P$8),0) -> 0 | S16: 9 | T16: =T15+1 -> 26 | U16: {=IFERROR(VLOOKUP($T16,TH_P.thi!$A$18:$P$165,3,0),0)} -> 4A | V16: {=IFERROR(VLOOKUP($T16,TH_P.thi!$A$18:$P$165,6,0),0)} -> 4A.T
A17: 8 | B17: {=IFERROR(INDEX('DS_Tong_12AS-AT-VH'!$A$9:$I$3045,MATCH(1,(In_DS!$A17='DS_Tong_12AS-AT-VH'!$A$9:$A$3045)*($L$6='DS_Tong_12AS-AT-VH'!$B$9:$B$3045),0),4),0)} -> P.12A | C17: {=IFERROR(INDEX('DS_Tong_12AS-AT-VH'!$A$9:$I$3045,MATCH(1,(In_DS!$A17='DS_Tong_12AS-AT-VH'!$A$9:$A$3045)*($L$6='DS_Tong_12AS-AT-VH'!$B$9:$B$3045),0),5),0)} -> 100852 | D17: =IFERROR(VLOOKUP($C17,'DS_Tong_12AS-AT-VH'!$E$9:$I$3024,2,0),0) -> Trần Nguyễn Hoàng | E17: =IFERROR(VLOOKUP($C17,'DS_Tong_12AS-AT-VH'!$E$9:$I$3024,3,0),0) -> Anh | F17: =IFERROR(VLOOKUP($C17,'DS_Tong_12AS-AT-VH'!$E$9:$I$3024,4,0),0) -> 11AT8 | G17: =IFERROR(VLOOKUP($C17,'DS_Tong_12AS-AT-VH'!$E$9:$I$3024,5,0),0) -> 0 | M17: =IFERROR(VLOOKUP($C17,'DS_Tong_12AS-AT-VH'!$E$9:$S$3024,$M$8),0) -> 0 | N17: =IFERROR(VLOOKUP($C17,'DS_Tong_12AS-AT-VH'!$E$9:$S$3024,$N$8),0) -> 0 | O17: =IFERROR(VLOOKUP($C17,'DS_Tong_12AS-AT-VH'!$E$9:$S$3024,$O$8),0) -> 0 | P17: =IFERROR(VLOOKUP($C17,'DS_Tong_12AS-AT-VH'!$E$9:$S$3024,$P$8),0) -> 0 | S17: 10 | T17: =T16+1 -> 27 | U17: {=IFERROR(VLOOKUP($T17,TH_P.thi!$A$18:$P$165,3,0),0)} -> 5A | V17: {=IFERROR(VLOOKUP($T17,TH_P.thi!$A$18:$P$165,6,0),0)} -> 5A.T
A18: 9 | B18: {=IFERROR(INDEX('DS_Tong_12AS-AT-VH'!$A$9:$I$3045,MATCH(1,(In_DS!$A18='DS_Tong_12AS-AT-VH'!$A$9:$A$3045)*($L$6='DS_Tong_12AS-AT-VH'!$B$9:$B$3045),0),4),0)} -> P.12A | C18: {=IFERROR(INDEX('DS_Tong_12AS-AT-VH'!$A$9:$I$3045,MATCH(1,(In_DS!$A18='DS_Tong_12AS-AT-VH'!$A$9:$A$3045)*($L$6='DS_Tong_12AS-AT-VH'!$B$9:$B$3045),0),5),0)} -> 100853 | D18: =IFERROR(VLOOKUP($C18,'DS_Tong_12AS-AT-VH'!$E$9:$I$3024,2,0),0) -> Trần Phương | E18: =IFERROR(VLOOKUP($C18,'DS_Tong_12AS-AT-VH'!$E$9:$I$3024,3,0),0) -> Anh | F18: =IFERROR(VLOOKUP($C18,'DS_Tong_12AS-AT-VH'!$E$9:$I$3024,4,0),0) -> 11AT7 | G18: =IFERROR(VLOOKUP($C18,'DS_Tong_12AS-AT-VH'!$E$9:$I$3024,5,0),0) -> 0 | M18: =IFERROR(VLOOKUP($C18,'DS_Tong_12AS-AT-VH'!$E$9:$S$3024,$M$8),0) -> 0 | N18: =IFERROR(VLOOKUP($C18,'DS_Tong_12AS-AT-VH'!$E$9:$S$3024,$N$8),0) -> 0 | O18: =IFERROR(VLOOKUP($C18,'DS_Tong_12AS-AT-VH'!$E$9:$S$3024,$O$8),0) -> 0 | P18: =IFERROR(VLOOKUP($C18,'DS_Tong_12AS-AT-VH'!$E$9:$S$3024,$P$8),0) -> 0 | S18: 11 | T18: =T17+1 -> 28 | U18: {=IFERROR(VLOOKUP($T18,TH_P.thi!$A$18:$P$165,3,0),0)} -> 6A | V18: {=IFERROR(VLOOKUP($T18,TH_P.thi!$A$18:$P$165,6,0),0)} -> 6A.T
A19: 10 | B19: {=IFERROR(INDEX('DS_Tong_12AS-AT-VH'!$A$9:$I$3045,MATCH(1,(In_DS!$A19='DS_Tong_12AS-AT-VH'!$A$9:$A$3045)*($L$6='DS_Tong_12AS-AT-VH'!$B$9:$B$3045),0),4),0)} -> P.12A | C19: {=IFERROR(INDEX('DS_Tong_12AS-AT-VH'!$A$9:$I$3045,MATCH(1,(In_DS!$A19='DS_Tong_12AS-AT-VH'!$A$9:$A$3045)*($L$6='DS_Tong_12AS-AT-VH'!$B$9:$B$3045),0),5),0)} -> 100854 | D19: =IFERROR(VLOOKUP($C19,'DS_Tong_12AS-AT-VH'!$E$9:$I$3024,2,0),0) -> Lê Dương Nguyên | E19: =IFERROR(VLOOKUP($C19,'DS_Tong_12AS-AT-VH'!$E$9:$I$3024,3,0),0) -> Ân | F19: =IFERROR(VLOOKUP($C19,'DS_Tong_12AS-AT-VH'!$E$9:$I$3024,4,0),0) -> 11AT8 | G19: =IFERROR(VLOOKUP($C19,'DS_Tong_12AS-AT-VH'!$E$9:$I$3024,5,0),0) -> 0 | M19: =IFERROR(VLOOKUP($C19,'DS_Tong_12AS-AT-VH'!$E$9:$S$3024,$M$8),0) -> 0 | N19: =IFERROR(VLOOKUP($C19,'DS_Tong_12AS-AT-VH'!$E$9:$S$3024,$N$8),0) -> 0 | O19: =IFERROR(VLOOKUP($C19,'DS_Tong_12AS-AT-VH'!$E$9:$S$3024,$O$8),0) -> 0 | P19: =IFERROR(VLOOKUP($C19,'DS_Tong_12AS-AT-VH'!$E$9:$S$3024,$P$8),0) -> 0 | S19: 12 | T19: =T18+1 -> 29 | U19: {=IFERROR(VLOOKUP($T19,TH_P.thi!$A$18:$P$165,3,0),0)} -> 7A | V19: {=IFERROR(VLOOKUP($T19,TH_P.thi!$A$18:$P$165,6,0),0)} -> 7A.T
A20: 11 | B20: {=IFERROR(INDEX('DS_Tong_12AS-AT-VH'!$A$9:$I$3045,MATCH(1,(In_DS!$A20='DS_Tong_12AS-AT-VH'!$A$9:$A$3045)*($L$6='DS_Tong_12AS-AT-VH'!$B$9:$B$3045),0),4),0)} -> P.12A | C20: {=IFERROR(INDEX('DS_Tong_12AS-AT-VH'!$A$9:$I$3045,MATCH(1,(In_DS!$A20='DS_Tong_12AS-AT-VH'!$A$9:$A$3045)*($L$6='DS_Tong_12AS-AT-VH'!$B$9:$B$3045),0),5),0)} -> 100855 | D20: =IFERROR(VLOOKUP($C20,'DS_Tong_12AS-AT-VH'!$E$9:$I$3024,2,0),0) -> Lê Đoàn Thái | E20: =IFERROR(VLOOKUP($C20,'DS_Tong_12AS-AT-VH'!$E$9:$I$3024,3,0),0) -> Bảo | F20: =IFERROR(VLOOKUP($C20,'DS_Tong_12AS-AT-VH'!$E$9:$I$3024,4,0),0) -> 11AT7 | G20: =IFERROR(VLOOKUP($C20,'DS_Tong_12AS-AT-VH'!$E$9:$I$3024,5,0),0) -> 0 | M20: =IFERROR(VLOOKUP($C20,'DS_Tong_12AS-AT-VH'!$E$9:$S$3024,$M$8),0) -> 0 | N20: =IFERROR(VLOOKUP($C20,'DS_Tong_12AS-AT-VH'!$E$9:$S$3024,$N$8),0) -> 0 | O20: =IFERROR(VLOOKUP($C20,'DS_Tong_12AS-AT-VH'!$E$9:$S$3024,$O$8),0) -> 0 | P20: =IFERROR(VLOOKUP($C20,'DS_Tong_12AS-AT-VH'!$E$9:$S$3024,$P$8),0) -> 0 | S20: 13 | T20: =T19+1 -> 30 | U20: {=IFERROR(VLOOKUP($T20,TH_P.thi!$A$18:$P$165,3,0),0)} -> 9A | V20: {=IFERROR(VLOOKUP($T20,TH_P.thi!$A$18:$P$165,6,0),0)} -> 9A.T
A21: 12 | B21: {=IFERROR(INDEX('DS_Tong_12AS-AT-VH'!$A$9:$I$3045,MATCH(1,(In_DS!$A21='DS_Tong_12AS-AT-VH'!$A$9:$A$3045)*($L$6='DS_Tong_12AS-AT-VH'!$B$9:$B$3045),0),4),0)} -> P.12A | C21: {=IFERROR(INDEX('DS_Tong_12AS-AT-VH'!$A$9:$I$3045,MATCH(1,(In_DS!$A21='DS_Tong_12AS-AT-VH'!$A$9:$A$3045)*($L$6='DS_Tong_12AS-AT-VH'!$B$9:$B$3045),0),5),0)} -> 100856 | D21: =IFERROR(VLOOKUP($C21,'DS_Tong_12AS-AT-VH'!$E$9:$I$3024,2,0),0) -> Nguyễn Thanh | E21: =IFERROR(VLOOKUP($C21,'DS_Tong_12AS-AT-VH'!$E$9:$I$3024,3,0),0) -> Bảo | F21: =IFERROR(VLOOKUP($C21,'DS_Tong_12AS-AT-VH'!$E$9:$I$3024,4,0),0) -> 11AT8 | G21: =IFERROR(VLOOKUP($C21,'DS_Tong_12AS-AT-VH'!$E$9:$I$3024,5,0),0) -> 0 | M21: =IFERROR(VLOOKUP($C21,'DS_Tong_12AS-AT-VH'!$E$9:$S$3024,$M$8),0) -> 0 | N21: =IFERROR(VLOOKUP($C21,'DS_Tong_12AS-AT-VH'!$E$9:$S$3024,$N$8),0) -> 0 | O21: =IFERROR(VLOOKUP($C21,'DS_Tong_12AS-AT-VH'!$E$9:$S$3024,$O$8),0) -> 0 | P21: =IFERROR(VLOOKUP($C21,'DS_Tong_12AS-AT-VH'!$E$9:$S$3024,$P$8),0) -> 0 | S21: 14 | T21: =T20+1 -> 31 | U21: {=IFERROR(VLOOKUP($T21,TH_P.thi!$A$18:$P$165,3,0),0)} -> 10A | V21: {=IFERROR(VLOOKUP($T21,TH_P.thi!$A$18:$P$165,6,0),0)} -> 10A.T
... A33: 24 | B33: {=IFERROR(INDEX('DS_Tong_12AS-AT-VH'!$A$9:$I$3045,MATCH(1,(In_DS!$A33='DS_Tong_12AS-AT-VH'!$A$9:$A$3045)*($L$6='DS_Tong_12AS-AT-VH'!$B$9:$B$3045),0),4),0)} -> P.12A | C33: {=IFERROR(INDEX('DS_Tong_12AS-AT-VH'!$A$9:$I$3045,MATCH(1,(In_DS!$A33='DS_Tong_12AS-AT-VH'!$A$9:$A$3045)*($L$6='DS_Tong_12AS-AT-VH'!$B$9:$B$3045),0),5),0)} -> 100868 | D33: =IFERROR(VLOOKUP($C33,'DS_Tong_12AS-AT-VH'!$E$9:$I$3024,2,0),0) -> Lê Tam | E33: =IFERROR(VLOOKUP($C33,'DS_Tong_12AS-AT-VH'!$E$9:$I$3024,3,0),0) -> Hải | F33: =IFERROR(VLOOKUP($C33,'DS_Tong_12AS-AT-VH'!$E$9:$I$3024,4,0),0) -> 11AT8 | G33: =IFERROR(VLOOKUP($C33,'DS_Tong_12AS-AT-VH'!$E$9:$I$3024,5,0),0) -> 0 | M33: =IFERROR(VLOOKUP($C33,'DS_Tong_12AS-AT-VH'!$E$9:$S$3024,$M$8),0) -> 0 | N33: =IFERROR(VLOOKUP($C33,'DS_Tong_12AS-AT-VH'!$E$9:$S$3024,$N$8),0) -> 0 | O33: =IFERROR(VLOOKUP($C33,'DS_Tong_12AS-AT-VH'!$E$9:$S$3024,$O$8),0) -> 0 | P33: =IFERROR(VLOOKUP($C33,'DS_Tong_12AS-AT-VH'!$E$9:$S$3024,$P$8),0) -> 0 | S33: 26 | T33: =T32+1 -> 43 | U33: {=IFERROR(VLOOKUP($T33,TH_P.thi!$A$18:$P$165,3,0),0)} -> 9A | V33: {=IFERROR(VLOOKUP($T33,TH_P.thi!$A$18:$P$165,6,0),0)} -> 9A.S2
A34: 25 | B34: {=IFERROR(INDEX('DS_Tong_12AS-AT-VH'!$A$9:$I$3045,MATCH(1,(In_DS!$A34='DS_Tong_12AS-AT-VH'!$A$9:$A$3045)*($L$6='DS_Tong_12AS-AT-VH'!$B$9:$B$3045),0),4),0)} -> P.12A | C34: {=IFERROR(INDEX('DS_Tong_12AS-AT-VH'!$A$9:$I$3045,MATCH(1,(In_DS!$A34='DS_Tong_12AS-AT-VH'!$A$9:$A$3045)*($L$6='DS_Tong_12AS-AT-VH'!$B$9:$B$3045),0),5),0)} -> 100869 | D34: =IFERROR(VLOOKUP($C34,'DS_Tong_12AS-AT-VH'!$E$9:$I$3024,2,0),0) -> Võ Chí | E34: =IFERROR(VLOOKUP($C34,'DS_Tong_12AS-AT-VH'!$E$9:$I$3024,3,0),0) -> Hào | F34: =IFERROR(VLOOKUP($C34,'DS_Tong_12AS-AT-VH'!$E$9:$I$3024,4,0),0) -> 11AT7 | G34: =IFERROR(VLOOKUP($C34,'DS_Tong_12AS-AT-VH'!$E$9:$I$3024,5,0),0) -> 0 | M34: =IFERROR(VLOOKUP($C34,'DS_Tong_12AS-AT-VH'!$E$9:$S$3024,$M$8),0) -> 0 | N34: =IFERROR(VLOOKUP($C34,'DS_Tong_12AS-AT-VH'!$E$9:$S$3024,$N$8),0) -> 0 | O34: =IFERROR(VLOOKUP($C34,'DS_Tong_12AS-AT-VH'!$E$9:$S$3024,$O$8),0) -> 0 | P34: =IFERROR(VLOOKUP($C34,'DS_Tong_12AS-AT-VH'!$E$9:$S$3024,$P$8),0) -> 0 | S34: 27 | U34: {=IFERROR(VLOOKUP($T34,TH_P.thi!$A$18:$P$165,3,0),0)} -> 0 | V34: {=IFERROR(VLOOKUP($T34,TH_P.thi!$A$18:$P$165,6,0),0)} -> 0
A35: 26 | B35: {=IFERROR(INDEX('DS_Tong_12AS-AT-VH'!$A$9:$I$3045,MATCH(1,(In_DS!$A35='DS_Tong_12AS-AT-VH'!$A$9:$A$3045)*($L$6='DS_Tong_12AS-AT-VH'!$B$9:$B$3045),0),4),0)} -> P.12A | C35: {=IFERROR(INDEX('DS_Tong_12AS-AT-VH'!$A$9:$I$3045,MATCH(1,(In_DS!$A35='DS_Tong_12AS-AT-VH'!$A$9:$A$3045)*($L$6='DS_Tong_12AS-AT-VH'!$B$9:$B$3045),0),5),0)} -> 100870 | D35: =IFERROR(VLOOKUP($C35,'DS_Tong_12AS-AT-VH'!$E$9:$I$3024,2,0),0) -> Trần Gia | E35: =IFERROR(VLOOKUP($C35,'DS_Tong_12AS-AT-VH'!$E$9:$I$3024,3,0),0) -> Hân | F35: =IFERROR(VLOOKUP($C35,'DS_Tong_12AS-AT-VH'!$E$9:$I$3024,4,0),0) -> 11AT7 | G35: =IFERROR(VLOOKUP($C35,'DS_Tong_12AS-AT-VH'!$E$9:$I$3024,5,0),0) -> 0 | M35: =IFERROR(VLOOKUP($C35,'DS_Tong_12AS-AT-VH'!$E$9:$S$3024,$M$8),0) -> 0 | N35: =IFERROR(VLOOKUP($C35,'DS_Tong_12AS-AT-VH'!$E$9:$S$3024,$N$8),0) -> 0 | O35: =IFERROR(VLOOKUP($C35,'DS_Tong_12AS-AT-VH'!$E$9:$S$3024,$O$8),0) -> 0 | P35: =IFERROR(VLOOKUP($C35,'DS_Tong_12AS-AT-VH'!$E$9:$S$3024,$P$8),0) -> 0 | S35: 28 | U35: {=IFERROR(VLOOKUP($T35,TH_P.thi!$A$18:$P$165,3,0),0)} -> 0 | V35: {=IFERROR(VLOOKUP($T35,TH_P.thi!$A$18:$P$165,6,0),0)} -> 0
A36: 27 | B36: {=IFERROR(INDEX('DS_Tong_12AS-AT-VH'!$A$9:$I$3045,MATCH(1,(In_DS!$A36='DS_Tong_12AS-AT-VH'!$A$9:$A$3045)*($L$6='DS_Tong_12AS-AT-VH'!$B$9:$B$3045),0),4),0)} -> P.12A | C36: {=IFERROR(INDEX('DS_Tong_12AS-AT-VH'!$A$9:$I$3045,MATCH(1,(In_DS!$A36='DS_Tong_12AS-AT-VH'!$A$9:$A$3045)*($L$6='DS_Tong_12AS-AT-VH'!$B$9:$B$3045),0),5),0)} -> 100871 | D36: =IFERROR(VLOOKUP($C36,'DS_Tong_12AS-AT-VH'!$E$9:$I$3024,2,0),0) -> Nguyễn Thanh Thu | E36: =IFERROR(VLOOKUP($C36,'DS_Tong_12AS-AT-VH'!$E$9:$I$3024,3,0),0) -> Hiền | F36: =IFERROR(VLOOKUP($C36,'DS_Tong_12AS-AT-VH'!$E$9:$I$3024,4,0),0) -> 11AT7 | G36: =IFERROR(VLOOKUP($C36,'DS_Tong_12AS-AT-VH'!$E$9:$I$3024,5,0),0) -> 0 | M36: =IFERROR(VLOOKUP($C36,'DS_Tong_12AS-AT-VH'!$E$9:$S$3024,$M$8),0) -> 0 | N36: =IFERROR(VLOOKUP($C36,'DS_Tong_12AS-AT-VH'!$E$9:$S$3024,$N$8),0) -> 0 | O36: =IFERROR(VLOOKUP($C36,'DS_Tong_12AS-AT-VH'!$E$9:$S$3024,$O$8),0) -> 0 | P36: =IFERROR(VLOOKUP($C36,'DS_Tong_12AS-AT-VH'!$E$9:$S$3024,$P$8),0) -> 0 | S36: 29 | U36: {=IFERROR(VLOOKUP($T36,TH_P.thi!$A$18:$P$165,3,0),0)} -> 0 | V36: {=IFERROR(VLOOKUP($T36,TH_P.thi!$A$18:$P$165,6,0),0)} -> 0
A37: 28 | B37: {=IFERROR(INDEX('DS_Tong_12AS-AT-VH'!$A$9:$I$3045,MATCH(1,(In_DS!$A37='DS_Tong_12AS-AT-VH'!$A$9:$A$3045)*($L$6='DS_Tong_12AS-AT-VH'!$B$9:$B$3045),0),4),0)} -> P.12A | C37: {=IFERROR(INDEX('DS_Tong_12AS-AT-VH'!$A$9:$I$3045,MATCH(1,(In_DS!$A37='DS_Tong_12AS-AT-VH'!$A$9:$A$3045)*($L$6='DS_Tong_12AS-AT-VH'!$B$9:$B$3045),0),5),0)} -> 100872 | D37: =IFERROR(VLOOKUP($C37,'DS_Tong_12AS-AT-VH'!$E$9:$I$3024,2,0),0) -> Nguyễn Ngọc | E37: =IFERROR(VLOOKUP($C37,'DS_Tong_12AS-AT-VH'!$E$9:$I$3024,3,0),0) -> Hiệp | F37: =IFERROR(VLOOKUP($C37,'DS_Tong_12AS-AT-VH'!$E$9:$I$3024,4,0),0) -> 11AT8 | G37: =IFERROR(VLOOKUP($C37,'DS_Tong_12AS-AT-VH'!$E$9:$I$3024,5,0),0) -> 0 | M37: =IFERROR(VLOOKUP($C37,'DS_Tong_12AS-AT-VH'!$E$9:$S$3024,$M$8),0) -> 0 | N37: =IFERROR(VLOOKUP($C37,'DS_Tong_12AS-AT-VH'!$E$9:$S$3024,$N$8),0) -> 0 | O37: =IFERROR(VLOOKUP($C37,'DS_Tong_12AS-AT-VH'!$E$9:$S$3024,$O$8),0) -> 0 | P37: =IFERROR(VLOOKUP($C37,'DS_Tong_12AS-AT-VH'!$E$9:$S$3024,$P$8),0) -> 0 | S37: 30 | U37: {=IFERROR(VLOOKUP($T37,TH_P.thi!$A$18:$P$165,3,0),0)} -> 0 | V37: {=IFERROR(VLOOKUP($T37,TH_P.thi!$A$18:$P$165,6,0),0)} -> 0
A38: 29 | B38: {=IFERROR(INDEX('DS_Tong_12AS-AT-VH'!$A$9:$I$3045,MATCH(1,(In_DS!$A38='DS_Tong_12AS-AT-VH'!$A$9:$A$3045)*($L$6='DS_Tong_12AS-AT-VH'!$B$9:$B$3045),0),4),0)} -> P.12A | C38: {=IFERROR(INDEX('DS_Tong_12AS-AT-VH'!$A$9:$I$3045,MATCH(1,(In_DS!$A38='DS_Tong_12AS-AT-VH'!$A$9:$A$3045)*($L$6='DS_Tong_12AS-AT-VH'!$B$9:$B$3045),0),5),0)} -> 100873 | D38: =IFERROR(VLOOKUP($C38,'DS_Tong_12AS-AT-VH'!$E$9:$I$3024,2,0),0) -> Trần Thị Thu | E38: =IFERROR(VLOOKUP($C38,'DS_Tong_12AS-AT-VH'!$E$9:$I$3024,3,0),0) -> Hoài | F38: =IFERROR(VLOOKUP($C38,'DS_Tong_12AS-AT-VH'!$E$9:$I$3024,4,0),0) -> 11AT7 | G38: =IFERROR(VLOOKUP($C38,'DS_Tong_12AS-AT-VH'!$E$9:$I$3024,5,0),0) -> 0 | M38: =IFERROR(VLOOKUP($C38,'DS_Tong_12AS-AT-VH'!$E$9:$S$3024,$M$8),0) -> 0 | N38: =IFERROR(VLOOKUP($C38,'DS_Tong_12AS-AT-VH'!$E$9:$S$3024,$N$8),0) -> 0 | O38: =IFERROR(VLOOKUP($C38,'DS_Tong_12AS-AT-VH'!$E$9:$S$3024,$O$8),0) -> 0 | P38: =IFERROR(VLOOKUP($C38,'DS_Tong_12AS-AT-VH'!$E$9:$S$3024,$P$8),0) -> 0 | S38: 31 | U38: {=IFERROR(VLOOKUP($T38,TH_P.thi!$A$18:$P$165,3,0),0)} -> 0 | V38: {=IFERROR(VLOOKUP($T38,TH_P.thi!$A$18:$P$165,6,0),0)} -> 0
A39: 30 | B39: {=IFERROR(INDEX('DS_Tong_12AS-AT-VH'!$A$9:$I$3045,MATCH(1,(In_DS!$A39='DS_Tong_12AS-AT-VH'!$A$9:$A$3045)*($L$6='DS_Tong_12AS-AT-VH'!$B$9:$B$3045),0),4),0)} -> P.12A | C39: {=IFERROR(INDEX('DS_Tong_12AS-AT-VH'!$A$9:$I$3045,MATCH(1,(In_DS!$A39='DS_Tong_12AS-AT-VH'!$A$9:$A$3045)*($L$6='DS_Tong_12AS-AT-VH'!$B$9:$B$3045),0),5),0)} -> 100874 | D39: =IFERROR(VLOOKUP($C39,'DS_Tong_12AS-AT-VH'!$E$9:$I$3024,2,0),0) -> Mai Văn | E39: =IFERROR(VLOOKUP($C39,'DS_Tong_12AS-AT-VH'!$E$9:$I$3024,3,0),0) -> Hoàng | F39: =IFERROR(VLOOKUP($C39,'DS_Tong_12AS-AT-VH'!$E$9:$I$3024,4,0),0) -> 11AT8 | G39: =IFERROR(VLOOKUP($C39,'DS_Tong_12AS-AT-VH'!$E$9:$I$3024,5,0),0) -> 0 | S39: 32 | U39: {=IFERROR(VLOOKUP($T39,TH_P.thi!$A$18:$P$165,3,0),0)} -> 0 | V39: {=IFERROR(VLOOKUP($T39,TH_P.thi!$A$18:$P$165,6,0),0)} -> 0
A40: 31 | B40: {=IFERROR(INDEX('DS_Tong_12AS-AT-VH'!$A$9:$I$3045,MATCH(1,(In_DS!$A40='DS_Tong_12AS-AT-VH'!$A$9:$A$3045)*($L$6='DS_Tong_12AS-AT-VH'!$B$9:$B$3045),0),4),0)} -> P.12A | C40: {=IFERROR(INDEX('DS_Tong_12AS-AT-VH'!$A$9:$I$3045,MATCH(1,(In_DS!$A40='DS_Tong_12AS-AT-VH'!$A$9:$A$3045)*($L$6='DS_Tong_12AS-AT-VH'!$B$9:$B$3045),0),5),0)} -> 100875 | D40: =IFERROR(VLOOKUP($C40,'DS_Tong_12AS-AT-VH'!$E$9:$I$3024,2,0),0) -> Đào Sĩ | E40: =IFERROR(VLOOKUP($C40,'DS_Tong_12AS-AT-VH'!$E$9:$I$3024,3,0),0) -> Huân | F40: =IFERROR(VLOOKUP($C40,'DS_Tong_12AS-AT-VH'!$E$9:$I$3024,4,0),0) -> 11AT7 | G40: =IFERROR(VLOOKUP($C40,'DS_Tong_12AS-AT-VH'!$E$9:$I$3024,5,0),0) -> 0 | S40: 33 | U40: {=IFERROR(VLOOKUP($T40,TH_P.thi!$A$18:$P$165,3,0),0)} -> 0 | V40: {=IFERROR(VLOOKUP($T40,TH_P.thi!$A$18:$P$165,6,0),0)} -> 0
A41: 32 | B41: {=IFERROR(INDEX('DS_Tong_12AS-AT-VH'!$A$9:$I$3045,MATCH(1,(In_DS!$A41='DS_Tong_12AS-AT-VH'!$A$9:$A$3045)*($L$6='DS_Tong_12AS-AT-VH'!$B$9:$B$3045),0),4),0)} -> 0 | C41: {=IFERROR(INDEX('DS_Tong_12AS-AT-VH'!$A$9:$I$3045,MATCH(1,(In_DS!$A41='DS_Tong_12AS-AT-VH'!$A$9:$A$3045)*($L$6='DS_Tong_12AS-AT-VH'!$B$9:$B$3045),0),5),0)} -> 0 | D41: =IFERROR(VLOOKUP($C41,'DS_Tong_12AS-AT-VH'!$E$9:$I$3024,2,0),0) -> 0 | E41: =IFERROR(VLOOKUP($C41,'DS_Tong_12AS-AT-VH'!$E$9:$I$3024,3,0),0) -> 0 | F41: =IFERROR(VLOOKUP($C41,'DS_Tong_12AS-AT-VH'!$E$9:$I$3024,4,0),0) -> 0 | G41: =IFERROR(VLOOKUP($C41,'DS_Tong_12AS-AT-VH'!$E$9:$I$3024,5,0),0) -> 0 | M41: =IFERROR(VLOOKUP($C41,'DS_Tong_12AS-AT-VH'!$E$9:$S$3024,$M$8),0) -> 0 | N41: =IFERROR(VLOOKUP($C41,'DS_Tong_12AS-AT-VH'!$E$9:$S$3024,$N$8),0) -> 0 | O41: =IFERROR(VLOOKUP($C41,'DS_Tong_12AS-AT-VH'!$E$9:$S$3024,$O$8),0) -> 0 | P41: =IFERROR(VLOOKUP($C41,'DS_Tong_12AS-AT-VH'!$E$9:$S$3024,$P$8),0) -> 0 | S41: 34 | U41: {=IFERROR(VLOOKUP($T41,TH_P.thi!$A$18:$P$165,3,0),0)} -> 0 | V41: {=IFERROR(VLOOKUP($T41,TH_P.thi!$A$18:$P$165,6,0),0)} -> 0
A42: Phòng | B42: =UPPER($I$5) -> 12A | C42: =COUNTIF(C10:C41,">0") -> 31 | D42: học viên dự thi
F44: TP Hồ Chí Minh, ngày 12 tháng 12 năm 2025
F45: PHÓ GIÁM ĐỐC
F49: Nguyễn Thị Ngọc Xuân
