Workbook

Sheet 1_Coppy_Tke Pthi dan
A1: COPPY DS THI TẬP TRUNG | K1: 5 | L1: 6 | M1: 7 | N1: 8 | O1: 9 | P1: 10
C2: ="LỚP "&D2&" -" -> LỚP 12AS - | D2: 12AS | E2: NGÀY THI: 22+24/12/2025 | H2: SÁNG | I2: Thứ Hai (22/12) | J2: Thứ Tư (24/12) | K2: Đ.chiếu DS trộn | L2: Chênh lệch
C3: ="LỚP "&D3&" -" -> LỚP 12KT - | D3: 12KT | E3: NGÀY THI: 22+24/12/2025 | H3: SÁNG | I3: Thứ Hai (22/12) | J3: Thứ Tư (24/12) | M3: 2 | N3: 3 | O3: 4 | P3: 5
C4: ="LỚP "&D4&" -" -> LỚP 10VH - | D4: 10VH | E4: NGÀY THI: 22+24/12/2025 | H4: CHIỀU | I4: Thứ Hai (22/12) | J4: Thứ Tư (24/12)
C5: ="LỚP "&D5&" -" -> LỚP 10KT - | D5: 10KT | E5: NGÀY THI: 22+24/12/2025 | H5: CHIỀU | I5: Thứ Hai (22/12) | J5: Thứ Tư (24/12) | L5: TH1 | M5: VĂN | N5: LÝ | O5: TOÁN | P5: SỬ
C6: ="LỚP "&D6&" -" -> LỚP 12AT - | D6: 12AT | E6: NGÀY THI: 22+23/12/2025 | H6: TỐI | I6: Thứ Hai (22/12) | J6: Thứ Ba (23/12) | L6: TH2 | M6: VĂN | N6: HÓA | O6: TOÁN | P6: SỬ
C7: ="LỚP "&D7&" -" -> LỚP 12VH - | D7: 12VH | E7: NGÀY THI: 22+23/12/2025 | H7: TỐI | I7: Thứ Hai (22/12) | J7: Thứ Ba (23/12) | L7: TH3 | M7: VĂN | N7: KT-PL | O7: TOÁN | P7: SỬ
C8: ="LỚP "&D8&" -" -> LỚP 10AT - | D8: 10AT | E8: NGÀY THI: 22+23/12/2025 | H8: TỐI | I8: Thứ Hai (22/12) | J8: Thứ Ba (23/12) | L8: TH4 | M8: VĂN | N8: LÝ | O8: TOÁN | P8: SỬ
C9: ="LỚP "&D9&" -" -> LỚP 11AT - | D9: 11AT | E9: NGÀY THI: 22+23/12/2025 | H9: TỐI | I9: Thứ Hai (22/12) | J9: Thứ Ba (23/12) | L9: TH5 | M9: VĂN | N9: KT-PL | O9: TOÁN | P9: SỬ
C10: ="LỚP "&D10&" -" -> LỚP 10AS - | D10: 10AS | E10: NGÀY THI: 23+25/12/2025 | H10: SÁNG | I10: Thứ Ba (23/12) | J10: Thứ Năm (25/12) | L10: TH4 | M10: VĂN | N10: SINH | O10: TOÁN | P10: SỬ
C11: ="LỚP "&D11&" -" -> LỚP 11AS - | D11: 11AS | E11: NGÀY THI: 23+25/12/2025 | H11: SÁNG | I11: Thứ Ba (23/12) | J11: Thứ Năm (25/12)
C12: ="LỚP "&D12&" -" -> LỚP 11VH - | D12: 11VH | E12: NGÀY THI: 23+25/12/2025 | H12: CHIỀU | I12: Thứ Ba (23/12) | J12: Thứ Năm (25/12)
C13: ="LỚP "&D13&" -" -> LỚP 11KT - | D13: 11KT | E13: NGÀY THI: 23+25/12/2025 | H13: CHIỀU | I13: Thứ Ba (23/12) | J13: Thứ Năm (25/12)
A14: Cột 1 | B14: Cột 2 | C14: Cột 3 | D14: Cột 4 | E14: Cột 5 | F14: Cột 6 | G14: Cột 7 | H14: Cột 8 | I14: Cột 9 | J14: Cột 10 | K14: Cột 11 | L14: Cột 12 | M14: Cột 13 | N14: Cột 14 | O14: Cột 15 | P14: Cột 16 | Q14: Cột 17 | R14: Cột 18 | S14: Cột 19 | T14: Cột 20
B15: KH/Phòng
B16: KHỐI 10AS | C16: 14 phòng | D16: 382
B17: TỔ HỢP 2 (10AS1,2) | D17: 93 | K17: 93 | L17: =SUM(L18:L21) -> 0 | M17: =VLOOKUP($G18,$L$5:$P$10,M$3,0) -> VĂN | N17: =VLOOKUP($G18,$L$5:$P$10,N$3,0) -> HÓA | O17: =VLOOKUP($G18,$L$5:$P$10,O$3,0) -> TOÁN | P17: =VLOOKUP($G18,$L$5:$P$10,P$3,0) -> SỬ | Q17: Cột 15 | R17: Cột 16 | S17: Cột 17
A18: {=IF(F18="","",SUBTOTAL(3,$F$18:F18))} -> 1 | B18: 1 | C18: 1A | D18: 24 | F18: =C18&".S" -> 1A.S | G18: TH2 | H18: 10AS | I18: =VLOOKUP($H18,$D$2:$J$13,6,0) -> Thứ Ba (23/12) | J18: =VLOOKUP($H18,$D$2:$J$13,7,0) -> Thứ Năm (25/12) | K18: 24 | L18: =D18-K18 -> 0 | M18: =VLOOKUP($G18,$L$5:$P$9,M$3,0) -> VĂN | N18: =VLOOKUP($G18,$L$5:$P$9,N$3,0) -> HÓA | O18: =VLOOKUP($G18,$L$5:$P$9,O$3,0) -> TOÁN | P18: =VLOOKUP($G18,$L$5:$P$9,P$3,0) -> SỬ | Q18: 100001 | R18: =Q18+K18-1 -> 100024 | S18: TỔ HỢP 2 (10AS1,2) | T18: NGÀY THI: 23+25/12/2025
A19: {=IF(F19="","",SUBTOTAL(3,$F$18:F19))} -> 2 | B19: 2 | C19: 2A | D19: 23 | F19: =C19&".S" -> 2A.S | G19: TH2 | H19: 10AS | I19: =VLOOKUP($H19,$D$2:$J$13,6,0) -> Thứ Ba (23/12) | J19: =VLOOKUP($H19,$D$2:$J$13,7,0) -> Thứ Năm (25/12) | K19: 23 | L19: =D19-K19 -> 0 | M19: =VLOOKUP($G19,$L$5:$P$9,M$3,0) -> VĂN | N19: =VLOOKUP($G19,$L$5:$P$9,N$3,0) -> HÓA | O19: =VLOOKUP($G19,$L$5:$P$9,O$3,0) -> TOÁN | P19: =VLOOKUP($G19,$L$5:$P$9,P$3,0) -> SỬ | Q19: =Q18+K18 -> 100025 | R19: =Q19+K19-1 -> 100047 | S19: TỔ HỢP 2 (10AS1,2) | T19: NGÀY THI: 23+25/12/2025
A20: {=IF(F20="","",SUBTOTAL(3,$F$18:F20))} -> 3 | B20: 3 | C20: 3A | D20: 23 | F20: =C20&".S" -> 3A.S | G20: TH2 | H20: 10AS | I20: =VLOOKUP($H20,$D$2:$J$13,6,0) -> Thứ Ba (23/12) | J20: =VLOOKUP($H20,$D$2:$J$13,7,0) -> Thứ Năm (25/12) | K20: 23 | L20: =D20-K20 -> 0 | M20: =VLOOKUP($G20,$L$5:$P$9,M$3,0) -> VĂN | N20: =VLOOKUP($G20,$L$5:$P$9,N$3,0) -> HÓA | O20: =VLOOKUP($G20,$L$5:$P$9,O$3,0) -> TOÁN | P20: =VLOOKUP($G20,$L$5:$P$9,P$3,0) -> SỬ | Q20: =Q19+K19 -> 100048 | R20: =Q20+K20-1 -> 100070 | S20: TỔ HỢP 2 (10AS1,2) | T20: NGÀY THI: 23+25/12/2025
A21: {=IF(F21="","",SUBTOTAL(3,$F$18:F21))} -> 4 | B21: 4 | C21: 4A | D21: 23 | F21: =C21&".S" -> 4A.S | G21: TH2 | H21: 10AS | I21: =VLOOKUP($H21,$D$2:$J$13,6,0) -> Thứ Ba (23/12) | J21: =VLOOKUP($H21,$D$2:$J$13,7,0) -> Thứ Năm (25/12) | K21: 23 | L21: =D21-K21 -> 0 | M21: =VLOOKUP($G21,$L$5:$P$9,M$3,0) -> VĂN | N21: =VLOOKUP($G21,$L$5:$P$9,N$3,0) -> HÓA | O21: =VLOOKUP($G21,$L$5:$P$9,O$3,0) -> TOÁN | P21: =VLOOKUP($G21,$L$5:$P$9,P$3,0) -> SỬ | Q21: =Q20+K20 -> 100071 | R21: =Q21+K21-1 -> 100093 | S21: TỔ HỢP 2 (10AS1,2) | T21: NGÀY THI: 23+25/12/2025
A22: {=IF(F22="","",SUBTOTAL(3,$F$18:F22))} | B22: TỔ HỢP 3 (10AS3,4) | D22: 96 | K22: 95 | L22: =SUM(L23:L26) -> 1 | M22: =VLOOKUP($G23,$L$5:$P$10,M$3,0) -> VĂN | N22: =VLOOKUP($G23,$L$5:$P$10,N$3,0) -> KT-PL | O22: =VLOOKUP($G23,$L$5:$P$10,O$3,0) -> TOÁN | P22: =VLOOKUP($G23,$L$5:$P$10,P$3,0) -> SỬ | T22: #N/A
A23: {=IF(F23="","",SUBTOTAL(3,$F$18:F23))} -> 5 | B23: 1 | C23: 5A | D23: 24 | E23: 01.HN | F23: =C23&".S" -> 5A.S | G23: TH3 | H23: 10AS | I23: =VLOOKUP($H23,$D$2:$J$13,6,0) -> Thứ Ba (23/12) | J23: =VLOOKUP($H23,$D$2:$J$13,7,0) -> Thứ Năm (25/12) | K23: 24 | L23: =D23-K23 -> 0 | M23: =VLOOKUP($G23,$L$5:$P$9,M$3,0) -> VĂN | N23: =VLOOKUP($G23,$L$5:$P$9,N$3,0) -> KT-PL | O23: =VLOOKUP($G23,$L$5:$P$9,O$3,0) -> TOÁN | P23: =VLOOKUP($G23,$L$5:$P$9,P$3,0) -> SỬ | Q23: =R21+1 -> 100094 | R23: =Q23+K23-1 -> 100117 | S23: TỔ HỢP 3 (10AS3,4) | T23: NGÀY THI: 23+25/12/2025
A24: {=IF(F24="","",SUBTOTAL(3,$F$18:F24))} -> 6 | B24: 2 | C24: 6A | D24: 24 | F24: =C24&".S" -> 6A.S | G24: TH3 | H24: 10AS | I24: =VLOOKUP($H24,$D$2:$J$13,6,0) -> Thứ Ba (23/12) | J24: =VLOOKUP($H24,$D$2:$J$13,7,0) -> Thứ Năm (25/12) | K24: 24 | L24: =D24-K24 -> 0 | M24: =VLOOKUP($G24,$L$5:$P$9,M$3,0) -> VĂN | N24: =VLOOKUP($G24,$L$5:$P$9,N$3,0) -> KT-PL | O24: =VLOOKUP($G24,$L$5:$P$9,O$3,0) -> TOÁN | P24: =VLOOKUP($G24,$L$5:$P$9,P$3,0) -> SỬ | Q24: =Q23+K23 -> 100118 | R24: =Q24+K24-1 -> 100141 | S24: TỔ HỢP 3 (10AS3,4) | T24: NGÀY THI: 23+25/12/2025
A25: {=IF(F25="","",SUBTOTAL(3,$F$18:F25))} -> 7 | B25: 3 | C25: 9A | D25: 24 | F25: =C25&".S" -> 9A.S | G25: TH3 | H25: 10AS | I25: =VLOOKUP($H25,$D$2:$J$13,6,0) -> Thứ Ba (23/12) | J25: =VLOOKUP($H25,$D$2:$J$13,7,0) -> Thứ Năm (25/12) | K25: 24 | L25: =D25-K25 -> 0 | M25: =VLOOKUP($G25,$L$5:$P$9,M$3,0) -> VĂN | N25: =VLOOKUP($G25,$L$5:$P$9,N$3,0) -> KT-PL | O25: =VLOOKUP($G25,$L$5:$P$9,O$3,0) -> TOÁN | P25: =VLOOKUP($G25,$L$5:$P$9,P$3,0) -> SỬ | Q25: =Q24+K24 -> 100142 | R25: =Q25+K25-1 -> 100165 | S25: TỔ HỢP 3 (10AS3,4) | T25: NGÀY THI: 23+25/12/2025
A26: {=IF(F26="","",SUBTOTAL(3,$F$18:F26))} -> 8 | B26: 4 | C26: 10A | D26: 24 | F26: =C26&".S" -> 10A.S | G26: TH3 | H26: 10AS | I26: =VLOOKUP($H26,$D$2:$J$13,6,0) -> Thứ Ba (23/12) | J26: =VLOOKUP($H26,$D$2:$J$13,7,0) -> Thứ Năm (25/12) | K26: 23 | L26: =D26-K26 -> 1 | M26: =VLOOKUP($G26,$L$5:$P$9,M$3,0) -> VĂN | N26: =VLOOKUP($G26,$L$5:$P$9,N$3,0) -> KT-PL | O26: =VLOOKUP($G26,$L$5:$P$9,O$3,0) -> TOÁN | P26: =VLOOKUP($G26,$L$5:$P$9,P$3,0) -> SỬ | Q26: =Q25+K25 -> 100166 | R26: =Q26+K26-1 -> 100188 | S26: TỔ HỢP 3 (10AS3,4) | T26: NGÀY THI: 23+25/12/2025
A27: {=IF(F27="","",SUBTOTAL(3,$F$18:F27))} | B27: TỔ HỢP 4 (10AS5,6,7) | D27: 143 | K27: 96 | L27: =SUM(L28:L31) -> 0 | M27: =VLOOKUP($G28,$L$5:$P$10,M$3,0) -> VĂN | N27: =VLOOKUP($G28,$L$5:$P$10,N$3,0) -> LÝ | O27: =VLOOKUP($G28,$L$5:$P$10,O$3,0) -> TOÁN | P27: =VLOOKUP($G28,$L$5:$P$10,P$3,0) -> SỬ | T27: #N/A
A28: {=IF(F28="","",SUBTOTAL(3,$F$18:F28))} -> 9 | B28: 1 | C28: 11A | D28: 24 | E28: 01.HN | F28: =C28&".S" -> 11A.S | G28: TH4 | H28: 10AS | I28: =VLOOKUP($H28,$D$2:$J$13,6,0) -> Thứ Ba (23/12) | J28: =VLOOKUP($H28,$D$2:$J$13,7,0) -> Thứ Năm (25/12) | K28: 24 | L28: =D28-K28 -> 0 | M28: =VLOOKUP($G28,$L$5:$P$9,M$3,0) -> VĂN | N28: =VLOOKUP($G28,$L$5:$P$9,N$3,0) -> LÝ | O28: =VLOOKUP($G28,$L$5:$P$9,O$3,0) -> TOÁN | P28: =VLOOKUP($G28,$L$5:$P$9,P$3,0) -> SỬ | Q28: =R26+1 -> 100189 | R28: =Q28+K28-1 -> 100212 | S28: TỔ HỢP 4 (10AS5,6,7) | T28: NGÀY THI: 23+25/12/2025
A29: {=IF(F29="","",SUBTOTAL(3,$F$18:F29))} -> 10 | B29: 2 | C29: 12A | D29: 24 | F29: =C29&".S" -> 12A.S | G29: TH4 | H29: 10AS | I29: =VLOOKUP($H29,$D$2:$J$13,6,0) -> Thứ Ba (23/12) | J29: =VLOOKUP($H29,$D$2:$J$13,7,0) -> Thứ Năm (25/12) | K29: 24 | L29: =D29-K29 -> 0 | M29: =VLOOKUP($G29,$L$5:$P$9,M$3,0) -> VĂN | N29: =VLOOKUP($G29,$L$5:$P$9,N$3,0) -> LÝ | O29: =VLOOKUP($G29,$L$5:$P$9,O$3,0) -> TOÁN | P29: =VLOOKUP($G29,$L$5:$P$9,P$3,0) -> SỬ | Q29: =Q28+K28 -> 100213 | R29: =Q29+K29-1 -> 100236 | S29: TỔ HỢP 4 (10AS5,6,7) | T29: NGÀY THI: 23+25/12/2025
A30: {=IF(F30="","",SUBTOTAL(3,$F$18:F30))} -> 11 | B30: 3 | C30: 13A | D30: 24 | F30: =C30&".S" -> 13A.S | G30: TH4 | H30: 10AS | I30: =VLOOKUP($H30,$D$2:$J$13,6,0) -> Thứ Ba (23/12) | J30: =VLOOKUP($H30,$D$2:$J$13,7,0) -> Thứ Năm (25/12) | K30: 24 | L30: =D30-K30 -> 0 | M30: =VLOOKUP($G30,$L$5:$P$9,M$3,0) -> VĂN | N30: =VLOOKUP($G30,$L$5:$P$9,N$3,0) -> LÝ | O30: =VLOOKUP($G30,$L$5:$P$9,O$3,0) -> TOÁN | P30: =VLOOKUP($G30,$L$5:$P$9,P$3,0) -> SỬ | Q30: =Q29+K29 -> 100237 | R30: =Q30+K30-1 -> 100260 | S30: TỔ HỢP 4 (10AS5,6,7) | T30: NGÀY THI: 23+25/12/2025
A31: {=IF(F31="","",SUBTOTAL(3,$F$18:F31))} -> 12 | B31: 4 | C31: 14A | D31: 24 | F31: =C31&".S" -> 14A.S | G31: TH4 | H31: 10AS | I31: =VLOOKUP($H31,$D$2:$J$13,6,0) -> Thứ Ba (23/12) | J31: =VLOOKUP($H31,$D$2:$J$13,7,0) -> Thứ Năm (25/12) | K31: 24 | L31: =D31-K31 -> 0 | M31: =VLOOKUP($G31,$L$5:$P$9,M$3,0) -> VĂN | N31: =VLOOKUP($G31,$L$5:$P$9,N$3,0) -> LÝ | O31: =VLOOKUP($G31,$L$5:$P$9,O$3,0) -> TOÁN | P31: =VLOOKUP($G31,$L$5:$P$9,P$3,0) -> SỬ | Q31: =Q30+K30 -> 100261 | R31: =Q31+K31-1 -> 100284 | S31: TỔ HỢP 4 (10AS5,6,7) | T31: NGÀY THI: 23+25/12/2025
A32: {=IF(F32="","",SUBTOTAL(3,$F$18:F32))} -> 13 | B32: 5 | C32: 2B | D32: 24 | F32: =C32&".S" -> 2B.S | G32: TH4 | H32: 10AS | I32: =VLOOKUP($H32,$D$2:$J$13,6,0) -> Thứ Ba (23/12) | J32: =VLOOKUP($H32,$D$2:$J$13,7,0) -> Thứ Năm (25/12) | K32: 24 | L32: =D32-K32 -> 0 | M32: =VLOOKUP($G32,$L$5:$P$9,M$3,0) -> VĂN | N32: =VLOOKUP($G32,$L$5:$P$9,N$3,0) -> LÝ | O32: =VLOOKUP($G32,$L$5:$P$9,O$3,0) -> TOÁN | P32: =VLOOKUP($G32,$L$5:$P$9,P$3,0) -> SỬ | Q32: =Q31+K31 -> 100285 | R32: =Q32+K32-1 -> 100308 | S32: TỔ HỢP 4 (10AS5,6,7) | T32: NGÀY THI: 23+25/12/2025
A33: {=IF(F33="","",SUBTOTAL(3,$F$18:F33))} -> 14 | B33: 6 | C33: 3B | D33: 23 | F33: =C33&".S" -> 3B.S | G33: TH4 | H33: 10AS | I33: =VLOOKUP($H33,$D$2:$J$13,6,0) -> Thứ Ba (23/12) | J33: =VLOOKUP($H33,$D$2:$J$13,7,0) -> Thứ Năm (25/12) | K33: 23 | L33: =D33-K33 -> 0 | M33: =VLOOKUP($G33,$L$5:$P$9,M$3,0) -> VĂN | N33: =VLOOKUP($G33,$L$5:$P$9,N$3,0) -> LÝ | O33: =VLOOKUP($G33,$L$5:$P$9,O$3,0) -> TOÁN | P33: =VLOOKUP($G33,$L$5:$P$9,P$3,0) -> SỬ | Q33: =Q32+K32 -> 100309 | R33: =Q33+K33-1 -> 100331 | S33: TỔ HỢP 4 (10AS5,6,7) | T33: NGÀY THI: 23+25/12/2025
A34: {=IF(F34="","",SUBTOTAL(3,$F$18:F34))} | B34: KHỐI 10AT | C34: 3 phòng | D34: 87 | T34: #N/A
A35: {=IF(F35="","",SUBTOTAL(3,$F$18:F35))} | B35: TỔ HỢP 4 (10AT1,2) | D35: 87 | M35: =VLOOKUP($G36,$L$5:$P$10,M$3,0) -> VĂN | N35: =VLOOKUP($G36,$L$5:$P$10,N$3,0) -> LÝ | O35: =VLOOKUP($G36,$L$5:$P$10,O$3,0) -> TOÁN | P35: =VLOOKUP($G36,$L$5:$P$10,P$3,0) -> SỬ | T35: #N/A
A36: {=IF(F36="","",SUBTOTAL(3,$F$18:F36))} -> 15 | B36: 1 | C36: 7B | D36: 29 | F36: =C36&".T" -> 7B.T | G36: TH4 | H36: 10AT | I36: =VLOOKUP($H36,$D$2:$J$13,6,0) -> Thứ Hai (22/12) | J36: =VLOOKUP($H36,$D$2:$J$13,7,0) -> Thứ Ba (23/12) | K36: 29 | L36: =D36-K36 -> 0 | M36: =VLOOKUP($G36,$L$5:$P$9,M$3,0) -> VĂN | N36: =VLOOKUP($G36,$L$5:$P$9,N$3,0) -> LÝ | O36: =VLOOKUP($G36,$L$5:$P$9,O$3,0) -> TOÁN | P36: =VLOOKUP($G36,$L$5:$P$9,P$3,0) -> SỬ | Q36: =R33+1 -> 100332 | R36: =Q36+K36-1 -> 100360 | S36: TỔ HỢP 4 (10AT1,2) | T36: NGÀY THI: 22+23/12/2025
A37: {=IF(F37="","",SUBTOTAL(3,$F$18:F37))} -> 16 | B37: 2 | C37: 8B | D37: 29 | F37: =C37&".T" -> 8B.T | G37: TH4 | H37: 10AT | I37: =VLOOKUP($H37,$D$2:$J$13,6,0) -> Thứ Hai (22/12) | J37: =VLOOKUP($H37,$D$2:$J$13,7,0) -> Thứ Ba (23/12) | K37: 29 | L37: =D37-K37 -> 0 | M37: =VLOOKUP($G37,$L$5:$P$9,M$3,0) -> VĂN | N37: =VLOOKUP($G37,$L$5:$P$9,N$3,0) -> LÝ | O37: =VLOOKUP($G37,$L$5:$P$9,O$3,0) -> TOÁN | P37: =VLOOKUP($G37,$L$5:$P$9,P$3,0) -> SỬ | Q37: =Q36+K36 -> 100361 | R37: =Q37+K37-1 -> 100389 | S37: TỔ HỢP 4 (10AT1,2) | T37: NGÀY THI: 22+23/12/2025
A38: {=IF(F38="","",SUBTOTAL(3,$F$18:F38))} -> 17 | B38: 3 | C38: 9B | D38: 29 | F38: =C38&".T" -> 9B.T | G38: TH4 | H38: 10AT | I38: =VLOOKUP($H38,$D$2:$J$13,6,0) -> Thứ Hai (22/12) | J38: =VLOOKUP($H38,$D$2:$J$13,7,0) -> Thứ Ba (23/12) | K38: 29 | L38: =D38-K38 -> 0 | M38: =VLOOKUP($G38,$L$5:$P$9,M$3,0) -> VĂN | N38: =VLOOKUP($G38,$L$5:$P$9,N$3,0) -> LÝ | O38: =VLOOKUP($G38,$L$5:$P$9,O$3,0) -> TOÁN | P38: =VLOOKUP($G38,$L$5:$P$9,P$3,0) -> SỬ | Q38: =Q37+K37 -> 100390 | R38: =Q38+K38-1 -> 100418 | S38: TỔ HỢP 4 (10AT1,2) | T38: NGÀY THI: 22+23/12/2025
A39: {=IF(F39="","",SUBTOTAL(3,$F$18:F39))} | B39: KHỐI 11AS | C39: 5 phòng | D39: 142 | T39: #N/A
A40: {=IF(F40="","",SUBTOTAL(3,$F$18:F40))} | B40: TỔ HỢP 4 (11AS1,2,3) | D40: 142 | M40: =VLOOKUP($G41,$L$5:$P$10,M$3,0) -> VĂN | N40: SINH | O40: =VLOOKUP($G41,$L$5:$P$10,O$3,0) -> TOÁN | P40: =VLOOKUP($G41,$L$5:$P$10,P$3,0) -> SỬ | T40: #N/A
A41: {=IF(F41="","",SUBTOTAL(3,$F$18:F41))} -> 18 | B41: 1 | C41: 4B | D41: 29 | F41: =C41&".S" -> 4B.S | G41: TH4 | H41: 11AS | I41: =VLOOKUP($H41,$D$2:$J$13,6,0) -> Thứ Ba (23/12) | J41: =VLOOKUP($H41,$D$2:$J$13,7,0) -> Thứ Năm (25/12) | K41: 29 | L41: =D41-K41 -> 0 | M41: =M$40 -> VĂN | N41: =N40 -> SINH | O41: =O$40 -> TOÁN | P41: =P$40 -> SỬ | Q41: =R38+1 -> 100419 | R41: =Q41+K41-1 -> 100447 | S41: TỔ HỢP 4 (11AS1,2,3) | T41: NGÀY THI: 23+25/12/2025
A42: {=IF(F42="","",SUBTOTAL(3,$F$18:F42))} -> 19 | B42: 2 | C42: 5B | D42: 29 | F42: =C42&".S" -> 5B.S | G42: TH4 | H42: 11AS | I42: =VLOOKUP($H42,$D$2:$J$13,6,0) -> Thứ Ba (23/12) | J42: =VLOOKUP($H42,$D$2:$J$13,7,0) -> Thứ Năm (25/12) | K42: 29 | L42: =D42-K42 -> 0 | M42: =M$40 -> VĂN | N42: =N41 -> SINH | O42: =O$40 -> TOÁN | P42: =P$40 -> SỬ | Q42: =Q41+K41 -> 100448 | R42: =Q42+K42-1 -> 100476 | S42: TỔ HỢP 4 (11AS1,2,3) | T42: NGÀY THI: 23+25/12/2025
A43: {=IF(F43="","",SUBTOTAL(3,$F$18:F43))} -> 20 | B43: 3 | C43: 6B | D43: 28 | F43: =C43&".S" -> 6B.S | G43: TH4 | H43: 11AS | I43: =VLOOKUP($H43,$D$2:$J$13,6,0) -> Thứ Ba (23/12) | J43: =VLOOKUP($H43,$D$2:$J$13,7,0) -> Thứ Năm (25/12) | K43: 28 | L43: =D43-K43 -> 0 | M43: =M$40 -> VĂN | N43: =N42 -> SINH | O43: =O$40 -> TOÁN | P43: =P$40 -> SỬ | Q43: =Q42+K42 -> 100477 | R43: =Q43+K43-1 -> 100504 | S43: TỔ HỢP 4 (11AS1,2,3) | T43: NGÀY THI: 23+25/12/2025
A44: {=IF(F44="","",SUBTOTAL(3,$F$18:F44))} -> 21 | B44: 4 | C44: 7B | D44: 28 | F44: =C44&".S" -> 7B.S | G44: TH4 | H44: 11AS | I44: =VLOOKUP($H44,$D$2:$J$13,6,0) -> Thứ Ba (23/12) | J44: =VLOOKUP($H44,$D$2:$J$13,7,0) -> Thứ Năm (25/12) | K44: 28 | L44: =D44-K44 -> 0 | M44: =M$40 -> VĂN | N44: =N43 -> SINH | O44: =O$40 -> TOÁN | P44: =P$40 -> SỬ | Q44: =Q43+K43 -> 100505 | R44: =Q44+K44-1 -> 100532 | S44: TỔ HỢP 4 (11AS1,2,3) | T44: NGÀY THI: 23+25/12/2025
A45: {=IF(F45="","",SUBTOTAL(3,$F$18:F45))} -> 22 | B45: 5 | C45: 8B | D45: 28 | F45: =C45&".S" -> 8B.S | G45: TH4 | H45: 11AS | I45: =VLOOKUP($H45,$D$2:$J$13,6,0) -> Thứ Ba (23/12) | J45: =VLOOKUP($H45,$D$2:$J$13,7,0) -> Thứ Năm (25/12) | K45: 28 | L45: =D45-K45 -> 0 | M45: =M$40 -> VĂN | N45: =N44 -> SINH | O45: =O$40 -> TOÁN | P45: =P$40 -> SỬ | Q45: =Q44+K44 -> 100533 | R45: =Q45+K45-1 -> 100560 | S45: TỔ HỢP 4 (11AS1,2,3) | T45: NGÀY THI: 23+25/12/2025
A46: {=IF(F46="","",SUBTOTAL(3,$F$18:F46))} | B46: KHỐI 11AT | C46: 13 phòng | D46: 379 | T46: #N/A
A47: {=IF(F47="","",SUBTOTAL(3,$F$18:F47))} | B47: TỔ HỢP 1 (11AT1,2) | D47: 100 | M47: =VLOOKUP($G48,$L$5:$P$10,M$3,0) -> VĂN | N47: =VLOOKUP($G48,$L$5:$P$10,N$3,0) -> LÝ | O47: =VLOOKUP($G48,$L$5:$P$10,O$3,0) -> TOÁN | P47: =VLOOKUP($G48,$L$5:$P$10,P$3,0) -> SỬ | T47: #N/A
A48: {=IF(F48="","",SUBTOTAL(3,$F$18:F48))} -> 23 | B48: 1 | C48: 1A | D48: 25 | F48: =C48&".T" -> 1A.T | G48: TH1 | H48: 11AT | I48: =VLOOKUP($H48,$D$2:$J$13,6,0) -> Thứ Hai (22/12) | J48: =VLOOKUP($H48,$D$2:$J$13,7,0) -> Thứ Ba (23/12) | K48: 25 | L48: =D48-K48 -> 0 | M48: =VLOOKUP($G48,$L$5:$P$9,M$3,0) -> VĂN | N48: =VLOOKUP($G48,$L$5:$P$9,N$3,0) -> LÝ | O48: =VLOOKUP($G48,$L$5:$P$9,O$3,0) -> TOÁN | P48: =VLOOKUP($G48,$L$5:$P$9,P$3,0) -> SỬ | Q48: =R45+1 -> 100561 | R48: =Q48+K48-1 -> 100585 | S48: TỔ HỢP 1 (11AT1,2) | T48: NGÀY THI: 22+23/12/2025
A49: {=IF(F49="","",SUBTOTAL(3,$F$18:F49))} -> 24 | B49: 2 | C49: 2A | D49: 25 | F49: =C49&".T" -> 2A.T | G49: TH1 | H49: 11AT | I49: =VLOOKUP($H49,$D$2:$J$13,6,0) -> Thứ Hai (22/12) | J49: =VLOOKUP($H49,$D$2:$J$13,7,0) -> Thứ Ba (23/12) | K49: 25 | L49: =D49-K49 -> 0 | M49: =VLOOKUP($G49,$L$5:$P$9,M$3,0) -> VĂN | N49: =VLOOKUP($G49,$L$5:$P$9,N$3,0) -> LÝ | O49: =VLOOKUP($G49,$L$5:$P$9,O$3,0) -> TOÁN | P49: =VLOOKUP($G49,$L$5:$P$9,P$3,0) -> SỬ | Q49: =Q48+K48 -> 100586 | R49: =Q49+K49-1 -> 100610 | S49: TỔ HỢP 1 (11AT1,2) | T49: NGÀY THI: 22+23/12/2025
A50: {=IF(F50="","",SUBTOTAL(3,$F$18:F50))} -> 25 | B50: 3 | C50: 3A | D50: 25 | F50: =C50&".T" -> 3A.T | G50: TH1 | H50: 11AT | I50: =VLOOKUP($H50,$D$2:$J$13,6,0) -> Thứ Hai (22/12) | J50: =VLOOKUP($H50,$D$2:$J$13,7,0) -> Thứ Ba (23/12) | K50: 25 | L50: =D50-K50 -> 0 | M50: =VLOOKUP($G50,$L$5:$P$9,M$3,0) -> VĂN | N50: =VLOOKUP($G50,$L$5:$P$9,N$3,0) -> LÝ | O50: =VLOOKUP($G50,$L$5:$P$9,O$3,0) -> TOÁN | P50: =VLOOKUP($G50,$L$5:$P$9,P$3,0) -> SỬ | Q50: =Q49+K49 -> 100611 | R50: =Q50+K50-1 -> 100635 | S50: TỔ HỢP 1 (11AT1,2) | T50: NGÀY THI: 22+23/12/2025
A51: {=IF(F51="","",SUBTOTAL(3,$F$18:F51))} -> 26 | B51: 4 | C51: 4A | D51: 25 | F51: =C51&".T" -> 4A.T | G51: TH1 | H51: 11AT | I51: =VLOOKUP($H51,$D$2:$J$13,6,0) -> Thứ Hai (22/12) | J51: =VLOOKUP($H51,$D$2:$J$13,7,0) -> Thứ Ba (23/12) | K51: 24 | L51: =D51-K51 -> 1 | M51: =VLOOKUP($G51,$L$5:$P$9,M$3,0) -> VĂN | N51: =VLOOKUP($G51,$L$5:$P$9,N$3,0) -> LÝ | O51: =VLOOKUP($G51,$L$5:$P$9,O$3,0) -> TOÁN | P51: =VLOOKUP($G51,$L$5:$P$9,P$3,0) -> SỬ | Q51: =Q50+K50 -> 100636 | R51: =Q51+K51-1 -> 100659 | S51: TỔ HỢP 1 (11AT1,2) | T51: NGÀY THI: 22+23/12/2025
A52: {=IF(F52="","",SUBTOTAL(3,$F$18:F52))} | B52: TỔ HỢP 2 (11AT3,4) | D52: 91 | M52: =VLOOKUP($G53,$L$5:$P$10,M$3,0) -> VĂN | N52: =VLOOKUP($G53,$L$5:$P$10,N$3,0) -> HÓA | O52: =VLOOKUP($G53,$L$5:$P$10,O$3,0) -> TOÁN | P52: =VLOOKUP($G53,$L$5:$P$10,P$3,0) -> SỬ | T52: #N/A
A53: {=IF(F53="","",SUBTOTAL(3,$F$18:F53))} -> 27 | B53: 1 | C53: 5A | D53: 31 | F53: =C53&".T" -> 5A.T | G53: TH2 | H53: 11AT | I53: =VLOOKUP($H53,$D$2:$J$13,6,0) -> Thứ Hai (22/12) | J53: =VLOOKUP($H53,$D$2:$J$13,7,0) -> Thứ Ba (23/12) | K53: 31 | L53: =D53-K53 -> 0 | M53: =VLOOKUP($G53,$L$5:$P$9,M$3,0) -> VĂN | N53: =VLOOKUP($G53,$L$5:$P$9,N$3,0) -> HÓA | O53: =VLOOKUP($G53,$L$5:$P$9,O$3,0) -> TOÁN | P53: =VLOOKUP($G53,$L$5:$P$9,P$3,0) -> SỬ | Q53: =R51+1 -> 100660 | R53: =Q53+K53-1 -> 100690 | S53: TỔ HỢP 2 (11AT3,4) | T53: NGÀY THI: 22+23/12/2025
A54: {=IF(F54="","",SUBTOTAL(3,$F$18:F54))} -> 28 | B54: 2 | C54: 6A | D54: 30 | F54: =C54&".T" -> 6A.T | G54: TH2 | H54: 11AT | I54: =VLOOKUP($H54,$D$2:$J$13,6,0) -> Thứ Hai (22/12) | J54: =VLOOKUP($H54,$D$2:$J$13,7,0) -> Thứ Ba (23/12) | K54: 30 | L54: =D54-K54 -> 0 | M54: =VLOOKUP($G54,$L$5:$P$9,M$3,0) -> VĂN | N54: =VLOOKUP($G54,$L$5:$P$9,N$3,0) -> HÓA | O54: =VLOOKUP($G54,$L$5:$P$9,O$3,0) -> TOÁN | P54: =VLOOKUP($G54,$L$5:$P$9,P$3,0) -> SỬ | Q54: =Q53+K53 -> 100691 | R54: =Q54+K54-1 -> 100720 | S54: TỔ HỢP 2 (11AT3,4) | T54: NGÀY THI: 22+23/12/2025
A55: {=IF(F55="","",SUBTOTAL(3,$F$18:F55))} -> 29 | B55: 3 | C55: 7A | D55: 30 | F55: =C55&".T" -> 7A.T | G55: TH2 | H55: 11AT | I55: =VLOOKUP($H55,$D$2:$J$13,6,0) -> Thứ Hai (22/12) | J55: =VLOOKUP($H55,$D$2:$J$13,7,0) -> Thứ Ba (23/12) | K55: 30 | L55: =D55-K55 -> 0 | M55: =VLOOKUP($G55,$L$5:$P$9,M$3,0) -> VĂN | N55: =VLOOKUP($G55,$L$5:$P$9,N$3,0) -> HÓA | O55: =VLOOKUP($G55,$L$5:$P$9,O$3,0) -> TOÁN | P55: =VLOOKUP($G55,$L$5:$P$9,P$3,0) -> SỬ | Q55: =Q54+K54 -> 100721 | R55: =Q55+K55-1 -> 100750 | S55: TỔ HỢP 2 (11AT3,4) | T55: NGÀY THI: 22+23/12/2025
A56: {=IF(F56="","",SUBTOTAL(3,$F$18:F56))} | B56: TỔ HỢP 3 (11AT5,6) | D56: =SUM(D57:D59) -> 95 | M56: =VLOOKUP($G57,$L$5:$P$10,M$3,0) -> VĂN | N56: =VLOOKUP($G57,$L$5:$P$10,N$3,0) -> KT-PL | O56: =VLOOKUP($G57,$L$5:$P$10,O$3,0) -> TOÁN | P56: =VLOOKUP($G57,$L$5:$P$10,P$3,0) -> SỬ | T56: #N/A
A57: {=IF(F57="","",SUBTOTAL(3,$F$18:F57))} -> 30 | B57: 1 | C57: 9A | D57: 32 | F57: =C57&".T" -> 9A.T | G57: TH3 | H57: 11AT | I57: =VLOOKUP($H57,$D$2:$J$13,6,0) -> Thứ Hai (22/12) | J57: =VLOOKUP($H57,$D$2:$J$13,7,0) -> Thứ Ba (23/12) | K57: 32 | L57: =D57-K57 -> 0 | M57: =VLOOKUP($G57,$L$5:$P$9,M$3,0) -> VĂN | N57: =VLOOKUP($G57,$L$5:$P$9,N$3,0) -> KT-PL | O57: =VLOOKUP($G57,$L$5:$P$9,O$3,0) -> TOÁN | P57: =VLOOKUP($G57,$L$5:$P$9,P$3,0) -> SỬ | Q57: =R55+1 -> 100751 | R57: =Q57+K57-1 -> 100782 | S57: TỔ HỢP 3 (11AT5,6) | T57: NGÀY THI: 22+23/12/2025
A58: {=IF(F58="","",SUBTOTAL(3,$F$18:F58))} -> 31 | B58: 2 | C58: 10A | D58: 32 | F58: =C58&".T" -> 10A.T | G58: TH3 | H58: 11AT | I58: =VLOOKUP($H58,$D$2:$J$13,6,0) -> Thứ Hai (22/12) | J58: =VLOOKUP($H58,$D$2:$J$13,7,0) -> Thứ Ba (23/12) | K58: 31 | L58: =D58-K58 -> 1 | M58: =VLOOKUP($G58,$L$5:$P$9,M$3,0) -> VĂN | N58: =VLOOKUP($G58,$L$5:$P$9,N$3,0) -> KT-PL | O58: =VLOOKUP($G58,$L$5:$P$9,O$3,0) -> TOÁN | P58: =VLOOKUP($G58,$L$5:$P$9,P$3,0) -> SỬ | Q58: =Q57+K57 -> 100783 | R58: =Q58+K58-1 -> 100813 | S58: TỔ HỢP 3 (11AT5,6) | T58: NGÀY THI: 22+23/12/2025
A59: {=IF(F59="","",SUBTOTAL(3,$F$18:F59))} -> 32 | B59: 3 | C59: 11A | D59: 31 | F59: =C59&".T" -> 11A.T | G59: TH3 | H59: 11AT | I59: =VLOOKUP($H59,$D$2:$J$13,6,0) -> Thứ Hai (22/12) | J59: =VLOOKUP($H59,$D$2:$J$13,7,0) -> Thứ Ba (23/12) | K59: 31 | L59: =D59-K59 -> 0 | M59: =VLOOKUP($G59,$L$5:$P$9,M$3,0) -> VĂN | N59: =VLOOKUP($G59,$L$5:$P$9,N$3,0) -> KT-PL | O59: =VLOOKUP($G59,$L$5:$P$9,O$3,0) -> TOÁN | P59: =VLOOKUP($G59,$L$5:$P$9,P$3,0) -> SỬ | Q59: =Q58+K58 -> 100814 | R59: =Q59+K59-1 -> 100844 | S59: TỔ HỢP 3 (11AT5,6) | T59: NGÀY THI: 22+23/12/2025
A60: {=IF(F60="","",SUBTOTAL(3,$F$18:F60))} | B60: TỔ HỢP 5 (11AT7,8) | D60: =SUM(D61:D63) -> 93 | M60: =VLOOKUP($G61,$L$5:$P$10,M$3,0) -> VĂN | N60: =VLOOKUP($G61,$L$5:$P$10,N$3,0) -> KT-PL | O60: =VLOOKUP($G61,$L$5:$P$10,O$3,0) -> TOÁN | P60: =VLOOKUP($G61,$L$5:$P$10,P$3,0) -> SỬ | T60: #N/A
A61: {=IF(F61="","",SUBTOTAL(3,$F$18:F61))} -> 33 | B61: 1 | C61: 12A | D61: 31 | F61: =C61&".T" -> 12A.T | G61: TH3 | H61: 11AT | I61: =VLOOKUP($H61,$D$2:$J$13,6,0) -> Thứ Hai (22/12) | J61: =VLOOKUP($H61,$D$2:$J$13,7,0) -> Thứ Ba (23/12) | K61: 31 | L61: =D61-K61 -> 0 | M61: =VLOOKUP($G61,$L$5:$P$9,M$3,0) -> VĂN | N61: =VLOOKUP($G61,$L$5:$P$9,N$3,0) -> KT-PL | O61: =VLOOKUP($G61,$L$5:$P$9,O$3,0) -> TOÁN | P61: =VLOOKUP($G61,$L$5:$P$9,P$3,0) -> SỬ | Q61: =R59+1 -> 100845 | R61: =Q61+K61-1 -> 100875 | S61: TỔ HỢP 5 (11AT7,8) | T61: NGÀY THI: 22+23/12/2025
A62: {=IF(F62="","",SUBTOTAL(3,$F$18:F62))} -> 34 | B62: 2 | C62: 13A | D62: 31 | F62: =C62&".T" -> 13A.T | G62: TH3 | H62: 11AT | I62: =VLOOKUP($H62,$D$2:$J$13,6,0) -> Thứ Hai (22/12) | J62: =VLOOKUP($H62,$D$2:$J$13,7,0) -> Thứ Ba (23/12) | K62: 31 | L62: =D62-K62 -> 0 | M62: =VLOOKUP($G62,$L$5:$P$9,M$3,0) -> VĂN | N62: =VLOOKUP($G62,$L$5:$P$9,N$3,0) -> KT-PL | O62: =VLOOKUP($G62,$L$5:$P$9,O$3,0) -> TOÁN | P62: =VLOOKUP($G62,$L$5:$P$9,P$3,0) -> SỬ | Q62: =Q61+K61 -> 100876 | R62: =Q62+K62-1 -> 100906 | S62: TỔ HỢP 5 (11AT7,8) | T62: NGÀY THI: 22+23/12/2025
A63: {=IF(F63="","",SUBTOTAL(3,$F$18:F63))} -> 35 | B63: 3 | C63: 14A | D63: 31 | F63: =C63&".T" -> 14A.T | G63: TH3 | H63: 11AT | I63: =VLOOKUP($H63,$D$2:$J$13,6,0) -> Thứ Hai (22/12) | J63: =VLOOKUP($H63,$D$2:$J$13,7,0) -> Thứ Ba (23/12) | K63: 31 | L63: =D63-K63 -> 0 | M63: =VLOOKUP($G63,$L$5:$P$9,M$3,0) -> VĂN | N63: =VLOOKUP($G63,$L$5:$P$9,N$3,0) -> KT-PL | O63: =VLOOKUP($G63,$L$5:$P$9,O$3,0) -> TOÁN | P63: =VLOOKUP($G63,$L$5:$P$9,P$3,0) -> SỬ | Q63: =Q62+K62 -> 100907 | R63: =Q63+K63-1 -> 100937 | S63: TỔ HỢP 5 (11AT7,8) | T63: NGÀY THI: 22+23/12/2025
A64: {=IF(F64="","",SUBTOTAL(3,$F$18:F64))} | B64: KHỐI 12AS | C64: 21 phòng | D64: 562 | T64: #N/A
A65: {=IF(F65="","",SUBTOTAL(3,$F$18:F65))} | B65: TỔ HỢP 1 (12AS1,2,3) | D65: 125 | K65: 124 | L65: =SUM(L66:L70) -> 1 | M65: =VLOOKUP($G66,$L$5:$P$10,M$3,0) -> VĂN | N65: =VLOOKUP($G66,$L$5:$P$10,N$3,0) -> LÝ | O65: =VLOOKUP($G66,$L$5:$P$10,O$3,0) -> TOÁN | P65: =VLOOKUP($G66,$L$5:$P$10,P$3,0) -> SỬ | T65: #N/A
A66: {=IF(F66="","",SUBTOTAL(3,$F$18:F66))} -> 36 | B66: 1 | C66: 1A | D66: 25 | F66: =C66&".S" -> 1A.S | G66: TH1 | H66: 12AS | I66: =VLOOKUP($H66,$D$2:$J$13,6,0) -> Thứ Hai (22/12) | J66: =VLOOKUP($H66,$D$2:$J$13,7,0) -> Thứ Tư (24/12) | K66: 25 | L66: =D66-K66 -> 0 | M66: =VLOOKUP($G66,$L$5:$P$9,M$3,0) -> VĂN | N66: =VLOOKUP($G66,$L$5:$P$9,N$3,0) -> LÝ | O66: =VLOOKUP($G66,$L$5:$P$9,O$3,0) -> TOÁN | P66: =VLOOKUP($G66,$L$5:$P$9,P$3,0) -> SỬ | Q66: =R63+1 -> 100938 | R66: =Q66+K66-1 -> 100962 | S66: TỔ HỢP 1 (12AS1,2,3) | T66: NGÀY THI: 22+24/12/2025
A67: {=IF(F67="","",SUBTOTAL(3,$F$18:F67))} -> 37 | B67: 2 | C67: 2A | D67: 25 | F67: =C67&".S" -> 2A.S | G67: TH1 | H67: 12AS | I67: =VLOOKUP($H67,$D$2:$J$13,6,0) -> Thứ Hai (22/12) | J67: =VLOOKUP($H67,$D$2:$J$13,7,0) -> Thứ Tư (24/12) | K67: 25 | L67: =D67-K67 -> 0 | M67: =VLOOKUP($G67,$L$5:$P$9,M$3,0) -> VĂN | N67: =VLOOKUP($G67,$L$5:$P$9,N$3,0) -> LÝ | O67: =VLOOKUP($G67,$L$5:$P$9,O$3,0) -> TOÁN | P67: =VLOOKUP($G67,$L$5:$P$9,P$3,0) -> SỬ | Q67: =Q66+K66 -> 100963 | R67: =Q67+K67-1 -> 100987 | S67: TỔ HỢP 1 (12AS1,2,3) | T67: NGÀY THI: 22+24/12/2025
A68: {=IF(F68="","",SUBTOTAL(3,$F$18:F68))} -> 38 | B68: 3 | C68: 3A | D68: 25 | F68: =C68&".S" -> 3A.S | G68: TH1 | H68: 12AS | I68: =VLOOKUP($H68,$D$2:$J$13,6,0) -> Thứ Hai (22/12) | J68: =VLOOKUP($H68,$D$2:$J$13,7,0) -> Thứ Tư (24/12) | K68: 25 | L68: =D68-K68 -> 0 | M68: =VLOOKUP($G68,$L$5:$P$9,M$3,0) -> VĂN | N68: =VLOOKUP($G68,$L$5:$P$9,N$3,0) -> LÝ | O68: =VLOOKUP($G68,$L$5:$P$9,O$3,0) -> TOÁN | P68: =VLOOKUP($G68,$L$5:$P$9,P$3,0) -> SỬ | Q68: =Q67+K67 -> 100988 | R68: =Q68+K68-1 -> 101012 | S68: TỔ HỢP 1 (12AS1,2,3) | T68: NGÀY THI: 22+24/12/2025
A69: {=IF(F69="","",SUBTOTAL(3,$F$18:F69))} -> 39 | B69: 4 | C69: 4A | D69: 25 | F69: =C69&".S" -> 4A.S | G69: TH1 | H69: 12AS | I69: =VLOOKUP($H69,$D$2:$J$13,6,0) -> Thứ Hai (22/12) | J69: =VLOOKUP($H69,$D$2:$J$13,7,0) -> Thứ Tư (24/12) | K69: 25 | L69: =D69-K69 -> 0 | M69: =VLOOKUP($G69,$L$5:$P$9,M$3,0) -> VĂN | N69: =VLOOKUP($G69,$L$5:$P$9,N$3,0) -> LÝ | O69: =VLOOKUP($G69,$L$5:$P$9,O$3,0) -> TOÁN | P69: =VLOOKUP($G69,$L$5:$P$9,P$3,0) -> SỬ | Q69: =Q68+K68 -> 101013 | R69: =Q69+K69-1 -> 101037 | S69: TỔ HỢP 1 (12AS1,2,3) | T69: NGÀY THI: 22+24/12/2025
A70: {=IF(F70="","",SUBTOTAL(3,$F$18:F70))} -> 40 | B70: 5 | C70: 5A | D70: 25 | F70: =C70&".S" -> 5A.S | G70: TH1 | H70: 12AS | I70: =VLOOKUP($H70,$D$2:$J$13,6,0) -> Thứ Hai (22/12) | J70: =VLOOKUP($H70,$D$2:$J$13,7,0) -> Thứ Tư (24/12) | K70: 24 | L70: =D70-K70 -> 1 | M70: =VLOOKUP($G70,$L$5:$P$9,M$3,0) -> VĂN | N70: =VLOOKUP($G70,$L$5:$P$9,N$3,0) -> LÝ | O70: =VLOOKUP($G70,$L$5:$P$9,O$3,0) -> TOÁN | P70: =VLOOKUP($G70,$L$5:$P$9,P$3,0) -> SỬ | Q70: =Q69+K69 -> 101038 | R70: =Q70+K70-1 -> 101061 | S70: TỔ HỢP 1 (12AS1,2,3) | T70: NGÀY THI: 22+24/12/2025
A71: {=IF(F71="","",SUBTOTAL(3,$F$18:F71))} | B71: TỔ HỢP 2 (12AS4,5,6) | D71: 139 | K71: 139 | L71: =SUM(L72:L76) -> 0 | M71: =VLOOKUP($G72,$L$5:$P$10,M$3,0) -> VĂN | N71: =VLOOKUP($G72,$L$5:$P$10,N$3,0) -> HÓA | O71: =VLOOKUP($G72,$L$5:$P$10,O$3,0) -> TOÁN | P71: =VLOOKUP($G72,$L$5:$P$10,P$3,0) -> SỬ | T71: #N/A
A72: {=IF(F72="","",SUBTOTAL(3,$F$18:F72))} -> 41 | B72: 1 | C72: 6A | D72: 28 | E72: 02.HN | F72: =C72&".S" -> 6A.S | G72: TH2 | H72: 12AS | I72: =VLOOKUP($H72,$D$2:$J$13,6,0) -> Thứ Hai (22/12) | J72: =VLOOKUP($H72,$D$2:$J$13,7,0) -> Thứ Tư (24/12) | K72: 28 | L72: =D72-K72 -> 0 | M72: =VLOOKUP($G72,$L$5:$P$9,M$3,0) -> VĂN | N72: =VLOOKUP($G72,$L$5:$P$9,N$3,0) -> HÓA | O72: =VLOOKUP($G72,$L$5:$P$9,O$3,0) -> TOÁN | P72: =VLOOKUP($G72,$L$5:$P$9,P$3,0) -> SỬ | Q72: =R70+1 -> 101062 | R72: =Q72+K72-1 -> 101089 | S72: TỔ HỢP 2 (12AS4,5,6) | T72: NGÀY THI: 22+24/12/2025
A73: {=IF(F73="","",SUBTOTAL(3,$F$18:F73))} -> 42 | B73: 2 | C73: 7A | D73: 28 | F73: =C73&".S" -> 7A.S | G73: TH2 | H73: 12AS | I73: =VLOOKUP($H73,$D$2:$J$13,6,0) -> Thứ Hai (22/12) | J73: =VLOOKUP($H73,$D$2:$J$13,7,0) -> Thứ Tư (24/12) | K73: 28 | L73: =D73-K73 -> 0 | M73: =VLOOKUP($G73,$L$5:$P$9,M$3,0) -> VĂN | N73: =VLOOKUP($G73,$L$5:$P$9,N$3,0) -> HÓA | O73: =VLOOKUP($G73,$L$5:$P$9,O$3,0) -> TOÁN | P73: =VLOOKUP($G73,$L$5:$P$9,P$3,0) -> SỬ | Q73: =Q72+K72 -> 101090 | R73: =Q73+K73-1 -> 101117 | S73: TỔ HỢP 2 (12AS4,5,6) | T73: NGÀY THI: 22+24/12/2025
A74: {=IF(F74="","",SUBTOTAL(3,$F$18:F74))} -> 43 | B74: 3 | C74: 9A | D74: 28 | F74: =C74&".S" -> 9A.S | G74: TH2 | H74: 12AS | I74: =VLOOKUP($H74,$D$2:$J$13,6,0) -> Thứ Hai (22/12) | J74: =VLOOKUP($H74,$D$2:$J$13,7,0) -> Thứ Tư (24/12) | K74: 28 | L74: =D74-K74 -> 0 | M74: =VLOOKUP($G74,$L$5:$P$9,M$3,0) -> VĂN | N74: =VLOOKUP($G74,$L$5:$P$9,N$3,0) -> HÓA | O74: =VLOOKUP($G74,$L$5:$P$9,O$3,0) -> TOÁN | P74: =VLOOKUP($G74,$L$5:$P$9,P$3,0) -> SỬ | Q74: =Q73+K73 -> 101118 | R74: =Q74+K74-1 -> 101145 | S74: TỔ HỢP 2 (12AS4,5,6) | T74: NGÀY THI: 22+24/12/2025
A75: {=IF(F75="","",SUBTOTAL(3,$F$18:F75))} -> 44 | B75: 4 | C75: 10A | D75: 28 | F75: =C75&".S" -> 10A.S | G75: TH2 | H75: 12AS | I75: =VLOOKUP($H75,$D$2:$J$13,6,0) -> Thứ Hai (22/12) | J75: =VLOOKUP($H75,$D$2:$J$13,7,0) -> Thứ Tư (24/12) | K75: 28 | L75: =D75-K75 -> 0 | M75: =VLOOKUP($G75,$L$5:$P$9,M$3,0) -> VĂN | N75: =VLOOKUP($G75,$L$5:$P$9,N$3,0) -> HÓA | O75: =VLOOKUP($G75,$L$5:$P$9,O$3,0) -> TOÁN | P75: =VLOOKUP($G75,$L$5:$P$9,P$3,0) -> SỬ | Q75: =Q74+K74 -> 101146 | R75: =Q75+K75-1 -> 101173 | S75: TỔ HỢP 2 (12AS4,5,6) | T75: NGÀY THI: 22+24/12/2025
A76: {=IF(F76="","",SUBTOTAL(3,$F$18:F76))} -> 45 | B76: 5 | C76: 11A | D76: 27 | F76: =C76&".S" -> 11A.S | G76: TH2 | H76: 12AS | I76: =VLOOKUP($H76,$D$2:$J$13,6,0) -> Thứ Hai (22/12) | J76: =VLOOKUP($H76,$D$2:$J$13,7,0) -> Thứ Tư (24/12) | K76: 27 | L76: =D76-K76 -> 0 | M76: =VLOOKUP($G76,$L$5:$P$9,M$3,0) -> VĂN | N76: =VLOOKUP($G76,$L$5:$P$9,N$3,0) -> HÓA | O76: =VLOOKUP($G76,$L$5:$P$9,O$3,0) -> TOÁN | P76: =VLOOKUP($G76,$L$5:$P$9,P$3,0) -> SỬ | Q76: =Q75+K75 -> 101174 | R76: =Q76+K76-1 -> 101200 | S76: TỔ HỢP 2 (12AS4,5,6) | T76: NGÀY THI: 22+24/12/2025
A77: {=IF(F77="","",SUBTOTAL(3,$F$18:F77))} | B77: TỔ HỢP 3 (12AS7,8) | D77: 105 | K77: 105 | L77: =SUM(L78:L81) -> 0 | M77: =VLOOKUP($G78,$L$5:$P$10,M$3,0) -> VĂN | N77: =VLOOKUP($G78,$L$5:$P$10,N$3,0) -> KT-PL | O77: =VLOOKUP($G78,$L$5:$P$10,O$3,0) -> TOÁN | P77: =VLOOKUP($G78,$L$5:$P$10,P$3,0) -> SỬ | T77: #N/A
A78: {=IF(F78="","",SUBTOTAL(3,$F$18:F78))} -> 46 | B78: 1 | C78: 12A | D78: 27 | F78: =C78&".S" -> 12A.S | G78: TH3 | H78: 12AS | I78: =VLOOKUP($H78,$D$2:$J$13,6,0) -> Thứ Hai (22/12) | J78: =VLOOKUP($H78,$D$2:$J$13,7,0) -> Thứ Tư (24/12) | K78: 27 | L78: =D78-K78 -> 0 | M78: =VLOOKUP($G78,$L$5:$P$9,M$3,0) -> VĂN | N78: =VLOOKUP($G78,$L$5:$P$9,N$3,0) -> KT-PL | O78: =VLOOKUP($G78,$L$5:$P$9,O$3,0) -> TOÁN | P78: =VLOOKUP($G78,$L$5:$P$9,P$3,0) -> SỬ | Q78: =R76+1 -> 101201 | R78: =Q78+K78-1 -> 101227 | S78: TỔ HỢP 3 (12AS7,8) | T78: NGÀY THI: 22+24/12/2025
A79: {=IF(F79="","",SUBTOTAL(3,$F$18:F79))} -> 47 | B79: 2 | C79: 13A | D79: 26 | F79: =C79&".S" -> 13A.S | G79: TH3 | H79: 12AS | I79: =VLOOKUP($H79,$D$2:$J$13,6,0) -> Thứ Hai (22/12) | J79: =VLOOKUP($H79,$D$2:$J$13,7,0) -> Thứ Tư (24/12) | K79: 26 | L79: =D79-K79 -> 0 | M79: =VLOOKUP($G79,$L$5:$P$9,M$3,0) -> VĂN | N79: =VLOOKUP($G79,$L$5:$P$9,N$3,0) -> KT-PL | O79: =VLOOKUP($G79,$L$5:$P$9,O$3,0) -> TOÁN | P79: =VLOOKUP($G79,$L$5:$P$9,P$3,0) -> SỬ | Q79: =Q78+K78 -> 101228 | R79: =Q79+K79-1 -> 101253 | S79: TỔ HỢP 3 (12AS7,8) | T79: NGÀY THI: 22+24/12/2025
A80: {=IF(F80="","",SUBTOTAL(3,$F$18:F80))} -> 48 | B80: 3 | C80: 14A | D80: 26 | F80: =C80&".S" -> 14A.S | G80: TH3 | H80: 12AS | I80: =VLOOKUP($H80,$D$2:$J$13,6,0) -> Thứ Hai (22/12) | J80: =VLOOKUP($H80,$D$2:$J$13,7,0) -> Thứ Tư (24/12) | K80: 26 | L80: =D80-K80 -> 0 | M80: =VLOOKUP($G80,$L$5:$P$9,M$3,0) -> VĂN | N80: =VLOOKUP($G80,$L$5:$P$9,N$3,0) -> KT-PL | O80: =VLOOKUP($G80,$L$5:$P$9,O$3,0) -> TOÁN | P80: =VLOOKUP($G80,$L$5:$P$9,P$3,0) -> SỬ | Q80: =Q79+K79 -> 101254 | R80: =Q80+K80-1 -> 101279 | S80: TỔ HỢP 3 (12AS7,8) | T80: NGÀY THI: 22+24/12/2025
A81: {=IF(F81="","",SUBTOTAL(3,$F$18:F81))} -> 49 | B81: 4 | C81: 2B | D81: 26 | F81: =C81&".S" -> 2B.S | G81: TH3 | H81: 12AS | I81: =VLOOKUP($H81,$D$2:$J$13,6,0) -> Thứ Hai (22/12) | J81: =VLOOKUP($H81,$D$2:$J$13,7,0) -> Thứ Tư (24/12) | K81: 26 | L81: =D81-K81 -> 0 | M81: =VLOOKUP($G81,$L$5:$P$9,M$3,0) -> VĂN | N81: =VLOOKUP($G81,$L$5:$P$9,N$3,0) -> KT-PL | O81: =VLOOKUP($G81,$L$5:$P$9,O$3,0) -> TOÁN | P81: =VLOOKUP($G81,$L$5:$P$9,P$3,0) -> SỬ | Q81: =Q80+K80 -> 101280 | R81: =Q81+K81-1 -> 101305 | S81: TỔ HỢP 3 (12AS7,8) | T81: NGÀY THI: 22+24/12/2025
A82: {=IF(F82="","",SUBTOTAL(3,$F$18:F82))} | B82: TỔ HỢP 5 (12AS9,10,11,12) | D82: 193 | K82: 193 | L82: =SUM(L83:L94) -> 4 | M82: =VLOOKUP($G83,$L$5:$P$10,M$3,0) -> VĂN | N82: =VLOOKUP($G83,$L$5:$P$10,N$3,0) -> KT-PL | O82: =VLOOKUP($G83,$L$5:$P$10,O$3,0) -> TOÁN | P82: =VLOOKUP($G83,$L$5:$P$10,P$3,0) -> SỬ | T82: #N/A
A83: {=IF(F83="","",SUBTOTAL(3,$F$18:F83))} -> 50 | B83: 1 | C83: 3B | D83: 28 | E83: 01.HN | F83: =C83&".S" -> 3B.S | G83: TH5 | H83: 12AS | I83: =VLOOKUP($H83,$D$2:$J$13,6,0) -> Thứ Hai (22/12) | J83: =VLOOKUP($H83,$D$2:$J$13,7,0) -> Thứ Tư (24/12) | K83: 28 | L83: =D83-K83 -> 0 | M83: =VLOOKUP($G83,$L$5:$P$9,M$3,0) -> VĂN | N83: =VLOOKUP($G83,$L$5:$P$9,N$3,0) -> KT-PL | O83: =VLOOKUP($G83,$L$5:$P$9,O$3,0) -> TOÁN | P83: =VLOOKUP($G83,$L$5:$P$9,P$3,0) -> SỬ | Q83: =R81+1 -> 101306 | R83: =Q83+K83-1 -> 101333 | S83: TỔ HỢP 5 (12AS9,10,11,12) | T83: NGÀY THI: 22+24/12/2025
A84: {=IF(F84="","",SUBTOTAL(3,$F$18:F84))} -> 51 | B84: 2 | C84: 4B | D84: 28 | F84: =C84&".S" -> 4B.S | G84: TH5 | H84: 12AS | I84: =VLOOKUP($H84,$D$2:$J$13,6,0) -> Thứ Hai (22/12) | J84: =VLOOKUP($H84,$D$2:$J$13,7,0) -> Thứ Tư (24/12) | K84: 28 | L84: =D84-K84 -> 0 | M84: =VLOOKUP($G84,$L$5:$P$9,M$3,0) -> VĂN | N84: =VLOOKUP($G84,$L$5:$P$9,N$3,0) -> KT-PL | O84: =VLOOKUP($G84,$L$5:$P$9,O$3,0) -> TOÁN | P84: =VLOOKUP($G84,$L$5:$P$9,P$3,0) -> SỬ | Q84: =Q83+K83 -> 101334 | R84: =Q84+K84-1 -> 101361 | S84: TỔ HỢP 5 (12AS9,10,11,12) | T84: NGÀY THI: 22+24/12/2025
A85: {=IF(F85="","",SUBTOTAL(3,$F$18:F85))} -> 52 | B85: 3 | C85: 5B | D85: 28 | F85: =C85&".S" -> 5B.S | G85: TH5 | H85: 12AS | I85: =VLOOKUP($H85,$D$2:$J$13,6,0) -> Thứ Hai (22/12) | J85: =VLOOKUP($H85,$D$2:$J$13,7,0) -> Thứ Tư (24/12) | K85: 28 | L85: =D85-K85 -> 0 | M85: =VLOOKUP($G85,$L$5:$P$9,M$3,0) -> VĂN | N85: =VLOOKUP($G85,$L$5:$P$9,N$3,0) -> KT-PL | O85: =VLOOKUP($G85,$L$5:$P$9,O$3,0) -> TOÁN | P85: =VLOOKUP($G85,$L$5:$P$9,P$3,0) -> SỬ | Q85: =Q84+K84 -> 101362 | R85: =Q85+K85-1 -> 101389 | S85: TỔ HỢP 5 (12AS9,10,11,12) | T85: NGÀY THI: 22+24/12/2025
A86: {=IF(F86="","",SUBTOTAL(3,$F$18:F86))} -> 53 | B86: 4 | C86: 6B | D86: 28 | F86: =C86&".S" -> 6B.S | G86: TH5 | H86: 12AS | I86: =VLOOKUP($H86,$D$2:$J$13,6,0) -> Thứ Hai (22/12) | J86: =VLOOKUP($H86,$D$2:$J$13,7,0) -> Thứ Tư (24/12) | K86: 28 | L86: =D86-K86 -> 0 | M86: =VLOOKUP($G86,$L$5:$P$9,M$3,0) -> VĂN | N86: =VLOOKUP($G86,$L$5:$P$9,N$3,0) -> KT-PL | O86: =VLOOKUP($G86,$L$5:$P$9,O$3,0) -> TOÁN | P86: =VLOOKUP($G86,$L$5:$P$9,P$3,0) -> SỬ | Q86: =Q85+K85 -> 101390 | R86: =Q86+K86-1 -> 101417 | S86: TỔ HỢP 5 (12AS9,10,11,12) | T86: NGÀY THI: 22+24/12/2025
A87: {=IF(F87="","",SUBTOTAL(3,$F$18:F87))} -> 54 | B87: 5 | C87: 7B | D87: 27 | F87: =C87&".S" -> 7B.S | G87: TH5 | H87: 12AS | I87: =VLOOKUP($H87,$D$2:$J$13,6,0) -> Thứ Hai (22/12) | J87: =VLOOKUP($H87,$D$2:$J$13,7,0) -> Thứ Tư (24/12) | K87: 27 | L87: =D87-K87 -> 0 | M87: =VLOOKUP($G87,$L$5:$P$9,M$3,0) -> VĂN | N87: =VLOOKUP($G87,$L$5:$P$9,N$3,0) -> KT-PL | O87: =VLOOKUP($G87,$L$5:$P$9,O$3,0) -> TOÁN | P87: =VLOOKUP($G87,$L$5:$P$9,P$3,0) -> SỬ | Q87: =Q86+K86 -> 101418 | R87: =Q87+K87-1 -> 101444 | S87: TỔ HỢP 5 (12AS9,10,11,12) | T87: NGÀY THI: 22+24/12/2025
A88: {=IF(F88="","",SUBTOTAL(3,$F$18:F88))} -> 55 | B88: 6 | C88: 8B | D88: 27 | F88: =C88&".S" -> 8B.S | G88: TH5 | H88: 12AS | I88: =VLOOKUP($H88,$D$2:$J$13,6,0) -> Thứ Hai (22/12) | J88: =VLOOKUP($H88,$D$2:$J$13,7,0) -> Thứ Tư (24/12) | K88: 27 | L88: =D88-K88 -> 0 | M88: =VLOOKUP($G88,$L$5:$P$9,M$3,0) -> VĂN | N88: =VLOOKUP($G88,$L$5:$P$9,N$3,0) -> KT-PL | O88: =VLOOKUP($G88,$L$5:$P$9,O$3,0) -> TOÁN | P88: =VLOOKUP($G88,$L$5:$P$9,P$3,0) -> SỬ | Q88: =Q87+K87 -> 101445 | R88: =Q88+K88-1 -> 101471 | S88: TỔ HỢP 5 (12AS9,10,11,12) | T88: NGÀY THI: 22+24/12/2025
A89: {=IF(F89="","",SUBTOTAL(3,$F$18:F89))} -> 56 | B89: 7 | C89: 9B | D89: 27 | F89: =C89&".S" -> 9B.S | G89: TH5 | H89: 12AS | I89: =VLOOKUP($H89,$D$2:$J$13,6,0) -> Thứ Hai (22/12) | J89: =VLOOKUP($H89,$D$2:$J$13,7,0) -> Thứ Tư (24/12) | K89: 27 | L89: =D89-K89 -> 0 | M89: =VLOOKUP($G89,$L$5:$P$9,M$3,0) -> VĂN | N89: =VLOOKUP($G89,$L$5:$P$9,N$3,0) -> KT-PL | O89: =VLOOKUP($G89,$L$5:$P$9,O$3,0) -> TOÁN | P89: =VLOOKUP($G89,$L$5:$P$9,P$3,0) -> SỬ | Q89: =Q88+K88 -> 101472 | R89: =Q89+K89-1 -> 101498 | S89: TỔ HỢP 5 (12AS9,10,11,12) | T89: NGÀY THI: 22+24/12/2025
A90: {=IF(F90="","",SUBTOTAL(3,$F$18:F90))} | B90: KHỐI 12AT | C90: 5 phòng | D90: 150 | T90: #N/A
A91: {=IF(F91="","",SUBTOTAL(3,$F$18:F91))} | B91: TỔ HỢP 1 (12AT1,2) | D91: 94 | K91: 92 | L91: =SUM(L92:L94) -> 2 | M91: =VLOOKUP($G92,$L$5:$P$10,M$3,0) -> VĂN | N91: =VLOOKUP($G92,$L$5:$P$10,N$3,0) -> LÝ | O91: =VLOOKUP($G92,$L$5:$P$10,O$3,0) -> TOÁN | P91: =VLOOKUP($G92,$L$5:$P$10,P$3,0) -> SỬ | T91: #N/A
A92: {=IF(F92="","",SUBTOTAL(3,$F$18:F92))} -> 57 | B92: 1 | C92: 2B | D92: 32 | F92: =C92&".T" -> 2B.T | G92: TH1 | H92: 12AT | I92: =VLOOKUP($H92,$D$2:$J$13,6,0) -> Thứ Hai (22/12) | J92: =VLOOKUP($H92,$D$2:$J$13,7,0) -> Thứ Ba (23/12) | K92: 31 | L92: =D92-K92 -> 1 | M92: =VLOOKUP($G92,$L$5:$P$9,M$3,0) -> VĂN | N92: =VLOOKUP($G92,$L$5:$P$9,N$3,0) -> LÝ | O92: =VLOOKUP($G92,$L$5:$P$9,O$3,0) -> TOÁN | P92: =VLOOKUP($G92,$L$5:$P$9,P$3,0) -> SỬ | Q92: =R89+1 -> 101499 | R92: =Q92+K92-1 -> 101529 | S92: TỔ HỢP 1 (12AT1,2) | T92: NGÀY THI: 22+23/12/2025
A93: {=IF(F93="","",SUBTOTAL(3,$F$18:F93))} -> 58 | B93: 2 | C93: 3B | D93: 31 | F93: =C93&".T" -> 3B.T | G93: TH1 | H93: 12AT | I93: =VLOOKUP($H93,$D$2:$J$13,6,0) -> Thứ Hai (22/12) | J93: =VLOOKUP($H93,$D$2:$J$13,7,0) -> Thứ Ba (23/12) | K93: 31 | L93: =D93-K93 -> 0 | M93: =VLOOKUP($G93,$L$5:$P$9,M$3,0) -> VĂN | N93: =VLOOKUP($G93,$L$5:$P$9,N$3,0) -> LÝ | O93: =VLOOKUP($G93,$L$5:$P$9,O$3,0) -> TOÁN | P93: =VLOOKUP($G93,$L$5:$P$9,P$3,0) -> SỬ | Q93: =Q92+K92 -> 101530 | R93: =Q93+K93-1 -> 101560 | S93: TỔ HỢP 1 (12AT1,2) | T93: NGÀY THI: 22+23/12/2025
A94: {=IF(F94="","",SUBTOTAL(3,$F$18:F94))} -> 59 | B94: 3 | C94: 4B | D94: 31 | F94: =C94&".T" -> 4B.T | G94: TH1 | H94: 12AT | I94: =VLOOKUP($H94,$D$2:$J$13,6,0) -> Thứ Hai (22/12) | J94: =VLOOKUP($H94,$D$2:$J$13,7,0) -> Thứ Ba (23/12) | K94: 30 | L94: =D94-K94 -> 1 | M94: =VLOOKUP($G94,$L$5:$P$9,M$3,0) -> VĂN | N94: =VLOOKUP($G94,$L$5:$P$9,N$3,0) -> LÝ | O94: =VLOOKUP($G94,$L$5:$P$9,O$3,0) -> TOÁN | P94: =VLOOKUP($G94,$L$5:$P$9,P$3,0) -> SỬ | Q94: =Q93+K93 -> 101561 | R94: =Q94+K94-1 -> 101590 | S94: TỔ HỢP 1 (12AT1,2) | T94: NGÀY THI: 22+23/12/2025
A95: {=IF(F95="","",SUBTOTAL(3,$F$18:F95))} | B95: TỔ HỢP 2 (12AT3) | D95: 56 | K95: 55 | L95: =SUM(L96:L97) -> 1 | M95: =VLOOKUP($G96,$L$5:$P$10,M$3,0) -> VĂN | N95: =VLOOKUP($G96,$L$5:$P$10,N$3,0) -> HÓA | O95: =VLOOKUP($G96,$L$5:$P$10,O$3,0) -> TOÁN | P95: =VLOOKUP($G96,$L$5:$P$10,P$3,0) -> SỬ | T95: #N/A
A96: {=IF(F96="","",SUBTOTAL(3,$F$18:F96))} -> 60 | B96: 1 | C96: 5B | D96: 28 | F96: =C96&".T" -> 5B.T | G96: TH2 | H96: 12AT | I96: =VLOOKUP($H96,$D$2:$J$13,6,0) -> Thứ Hai (22/12) | J96: =VLOOKUP($H96,$D$2:$J$13,7,0) -> Thứ Ba (23/12) | K96: 28 | L96: =D96-K96 -> 0 | M96: =VLOOKUP($G96,$L$5:$P$9,M$3,0) -> VĂN | N96: =VLOOKUP($G96,$L$5:$P$9,N$3,0) -> HÓA | O96: =VLOOKUP($G96,$L$5:$P$9,O$3,0) -> TOÁN | P96: =VLOOKUP($G96,$L$5:$P$9,P$3,0) -> SỬ | Q96: =R94+1 -> 101591 | R96: =Q96+K96-1 -> 101618 | S96: TỔ HỢP 2 (12AT3) | T96: NGÀY THI: 22+23/12/2025
A97: {=IF(F97="","",SUBTOTAL(3,$F$18:F97))} -> 61 | B97: 2 | C97: 6B | D97: 28 | F97: =C97&".T" -> 6B.T | G97: TH2 | H97: 12AT | I97: =VLOOKUP($H97,$D$2:$J$13,6,0) -> Thứ Hai (22/12) | J97: =VLOOKUP($H97,$D$2:$J$13,7,0) -> Thứ Ba (23/12) | K97: 27 | L97: =D97-K97 -> 1 | M97: =VLOOKUP($G97,$L$5:$P$9,M$3,0) -> VĂN | N97: =VLOOKUP($G97,$L$5:$P$9,N$3,0) -> HÓA | O97: =VLOOKUP($G97,$L$5:$P$9,O$3,0) -> TOÁN | P97: =VLOOKUP($G97,$L$5:$P$9,P$3,0) -> SỬ | Q97: =Q96+K96 -> 101619 | R97: =Q97+K97-1 -> 101645 | S97: TỔ HỢP 2 (12AT3) | T97: NGÀY THI: 22+23/12/2025
A98: {=IF(F98="","",SUBTOTAL(3,$F$18:F98))} | B98: KHỐI 10KT | C98: =COUNTIF(B99:B106,">0")&" phòng" -> 7 phòng | D98: =D99 -> 200 | T98: #N/A
A99: {=IF(F99="","",SUBTOTAL(3,$F$18:F99))} | B99: TỔ HỢP 4 (10KT1,2,3,4) | D99: =SUM(D100:D106) -> 200 | K99: 196 | M99: =VLOOKUP($G100,$L$5:$P$10,M$3,0) -> VĂN | N99: =VLOOKUP($G100,$L$5:$P$10,N$3,0) -> LÝ | O99: =VLOOKUP($G100,$L$5:$P$10,O$3,0) -> TOÁN | P99: =VLOOKUP($G100,$L$5:$P$10,P$3,0) -> SỬ | T99: #N/A
A100: {=IF(F100="","",SUBTOTAL(3,$F$18:F100))} -> 62 | B100: 1 | C100: HT2-1 | D100: 29 | E100: 01.HN | F100: =C100&".C" -> HT2-1.C | G100: TH4 | H100: 10KT | I100: =VLOOKUP($H100,$D$2:$J$13,6,0) -> Thứ Hai (22/12) | J100: =VLOOKUP($H100,$D$2:$J$13,7,0) -> Thứ Tư (24/12) | K100: 28 | L100: =D100-K100 -> 1 | M100: =VLOOKUP($G100,$L$5:$P$9,M$3,0) -> VĂN | N100: =VLOOKUP($G100,$L$5:$P$9,N$3,0) -> LÝ | O100: =VLOOKUP($G100,$L$5:$P$9,O$3,0) -> TOÁN | P100: =VLOOKUP($G100,$L$5:$P$9,P$3,0) -> SỬ | Q100: 500001 | R100: =Q100+K100-1 -> 500028 | S100: TỔ HỢP 4 (10KT1,2,3,4) | T100: NGÀY THI: 22+24/12/2025
...

Sheet 4_Sơ đồ mẫu
A1: =VLOOKUP($AC1,'1_Coppy_Tke Pthi dan'!$A$18:$S$165,19,0) -> TỔ HỢP 2 (10AS1,2) | H1: =A1 -> TỔ HỢP 2 (10AS1,2) | O1: =H1 -> TỔ HỢP 2 (10AS1,2) | V1: =O1 -> TỔ HỢP 2 (10AS1,2) | AC1: =$AH$1 -> 1 | AD1: =VLOOKUP($AC1,'1_Coppy_Tke Pthi dan'!$A$18:$S$165,7,0) -> TH2 | AE1: =VLOOKUP($AC1,'1_Coppy_Tke Pthi dan'!$A$18:$S$165,3,0) -> 1A | AF1: 22 | AH1: 1
A2: Sơ đồ chỗ ngồi | H2: =$A$2 -> Sơ đồ chỗ ngồi | O2: =$A$2 -> Sơ đồ chỗ ngồi | V2: =$A$2 -> Sơ đồ chỗ ngồi | AC2: Mã | AD2: Tổ hợp | AE2: C.thức | AF2: SL | AH2: =AH1+1 -> 2
A3: =VLOOKUP($AC1,'1_Coppy_Tke Pthi dan'!$A$18:$S$165,13,0) -> VĂN | E3: ="P. "&$AE1 -> P. 1A | H3: =VLOOKUP($AC1,'1_Coppy_Tke Pthi dan'!$A$18:$S$165,14,0) -> HÓA | L3: =E3 -> P. 1A | O3: =VLOOKUP($AC1,'1_Coppy_Tke Pthi dan'!$A$18:$S$165,15,0) -> TOÁN | S3: =L3 -> P. 1A | V3: =VLOOKUP($AC1,'1_Coppy_Tke Pthi dan'!$A$18:$S$165,16,0) -> SỬ | Z3: =S3 -> P. 1A | AC3: 100001 | AD3: 100022 | AH3: =AH2+1 -> 3
A4: Bàn Giáo viên | H4: Bàn Giáo viên | O4: Bàn Giáo viên | V4: Bàn Giáo viên | AH4: =AH3+1 -> 4
AH5: =AH4+1 -> 5
A6: =VLOOKUP($AC1,'1_Coppy_Tke Pthi dan'!$A$18:$S$165,17,0) -> 100001 | B6: =A6+5 -> 100006 | D6: =A6+11 -> 100012 | E6: =A6+17 -> 100018 | H6: =L6+17 -> 100018 | I6: =L6+11 -> 100012 | K6: =L6+5 -> 100006 | L6: =VLOOKUP($AC1,'1_Coppy_Tke Pthi dan'!$A$18:$S$165,17,0) -> 100001 | O6: =AD3 -> 100022 | P6: =O6-1 -> 100021 | R6: =P6-1 -> 100020 | S6: =R6-1 -> 100019 | V6: =W6-1 -> 100019 | W6: =Y6-1 -> 100020 | Y6: =Z6-1 -> 100021 | Z6: =AD3 -> 100022 | AH6: =AH5+1 -> 6
A7: =A6+1 -> 100002 | B7: =A7+5 -> 100007 | D7: =A7+11 -> 100013 | E7: =A7+17 -> 100019 | H7: =L7+17 -> 100019 | I7: =L7+11 -> 100013 | K7: =L7+5 -> 100007 | L7: =L6+1 -> 100002 | O7: =P7-1 -> 100015 | P7: =R7-1 -> 100016 | R7: =S7-1 -> 100017 | S7: =S6-1 -> 100018 | V7: =V6-1 -> 100018 | W7: =V7-1 -> 100017 | Y7: =W7-1 -> 100016 | Z7: =Y7-1 -> 100015 | AH7: =AH6+1 -> 7
A8: =A7+1 -> 100003 | B8: =A8+5 -> 100008 | D8: =A8+11 -> 100014 | E8: =A8+17 -> 100020 | H8: =L8+17 -> 100020 | I8: =L8+11 -> 100014 | K8: =L8+5 -> 100008 | L8: =L7+1 -> 100003 | O8: =O7-1 -> 100014 | P8: =O8-1 -> 100013 | R8: =P8-1 -> 100012 | S8: =R8-1 -> 100011 | V8: =W8-1 -> 100011 | W8: =Y8-1 -> 100012 | Y8: =Z8-1 -> 100013 | Z8: =Z7-1 -> 100014 | AH8: =AH7+1 -> 8
A9: =A8+1 -> 100004 | B9: =A9+5 -> 100009 | D9: =A9+11 -> 100015 | E9: =A9+17 -> 100021 | H9: =L9+17 -> 100021 | I9: =L9+11 -> 100015 | K9: =L9+5 -> 100009 | L9: =L8+1 -> 100004 | O9: =P9-1 -> 100007 | P9: =R9-1 -> 100008 | R9: =S9-1 -> 100009 | S9: =S8-1 -> 100010 | V9: =V8-1 -> 100010 | W9: =V9-1 -> 100009 | Y9: =W9-1 -> 100008 | Z9: =Y9-1 -> 100007 | AH9: =AH8+1 -> 9
A10: =A9+1 -> 100005 | B10: =A10+5 -> 100010 | D10: =A10+11 -> 100016 | E10: =A10+17 -> 100022 | H10: =L10+17 -> 100022 | I10: =L10+11 -> 100016 | K10: =L10+5 -> 100010 | L10: =L9+1 -> 100005 | O10: =O9-1 -> 100006 | P10: =O10-1 -> 100005 | R10: =P10-1 -> 100004 | S10: =R10-1 -> 100003 | V10: =W10-1 -> 100003 | W10: =Y10-1 -> 100004 | Y10: =Z10-1 -> 100005 | Z10: =Z9-1 -> 100006 | AH10: =AH9+1 -> 10
B11: =B10+1 -> 100011 | D11: =D10+1 -> 100017 | I11: =I10+1 -> 100017 | K11: =K10+1 -> 100011 | P11: =R11-1 -> 100001 | R11: =S10-1 -> 100002 | W11: =V10-1 -> 100002 | Y11: =W11-1 -> 100001 | AH11: =AH10+1 -> 11
AH12: =AH11+1 -> 12
AH15: =AH12+1 -> 13
